Datetime,Price,Open,Close,Price_Change,Movement
2024-01-02 14:30:00+00:00,187.80099487304688,186.1898956298828,,,0
2024-01-02 15:30:00+00:00,186.17999267578125,186.80499267578125,,,0
2024-01-02 16:30:00+00:00,186.8000030517578,186.6150054931641,,,0
2024-01-02 17:30:00+00:00,186.6150054931641,185.2949981689453,,,0
2024-01-02 18:30:00+00:00,185.2899932861328,184.4949951171875,,,0
2024-01-02 19:30:00+00:00,184.4900054931641,184.4199981689453,,,0
2024-01-02 20:30:00+00:00,184.4199981689453,185.5249938964844,,,0
2024-01-03 14:30:00+00:00,184.66799926757807,183.9586944580078,,,0
2024-01-03 15:30:00+00:00,183.9550018310547,184.1999969482422,,,0
2024-01-03 16:30:00+00:00,184.19000244140625,183.92999267578125,,,0
2024-01-03 17:30:00+00:00,183.92709350585935,184.4730987548828,,,0
2024-01-03 18:30:00+00:00,184.4750061035156,184.7400054931641,,,0
2024-01-03 19:30:00+00:00,184.7494964599609,184.38999938964844,,,0
2024-01-03 20:30:00+00:00,184.38999938964844,184.25,,,0
2024-01-04 14:30:00+00:00,182.1499938964844,181.67999267578125,,,0
2024-01-04 15:30:00+00:00,181.6699981689453,182.125,,,0
2024-01-04 16:30:00+00:00,182.1269989013672,182.13999938964844,,,0
2024-01-04 17:30:00+00:00,182.1300048828125,182.9149932861328,,,0
2024-01-04 18:30:00+00:00,182.91000366210935,182.5,,,0
2024-01-04 19:30:00+00:00,182.5,181.94009399414065,,,0
2024-01-04 20:30:00+00:00,181.94500732421875,181.9199981689453,,,0
2024-01-05 14:30:00+00:00,181.9900054931641,182.07000732421875,,,0
2024-01-05 15:30:00+00:00,182.06629943847656,182.0876007080078,,,0
2024-01-05 16:30:00+00:00,182.0800018310547,181.3650054931641,,,0
2024-01-05 17:30:00+00:00,181.3600006103516,181.7400054931641,,,0
2024-01-05 18:30:00+00:00,181.7449951171875,181.1199951171875,,,0
2024-01-05 19:30:00+00:00,181.1100006103516,180.27999877929688,,,0
2024-01-05 20:30:00+00:00,180.2799072265625,181.1699981689453,,,0
2024-01-08 14:30:00+00:00,182.0850067138672,183.80999755859372,,,0
2024-01-08 15:30:00+00:00,183.82000732421875,183.2449951171875,,,0
2024-01-08 16:30:00+00:00,183.2449951171875,183.99009704589844,,,0
2024-01-08 17:30:00+00:00,184.0,184.1150054931641,,,0
2024-01-08 18:30:00+00:00,184.1199951171875,184.8325042724609,,,0
2024-01-08 19:30:00+00:00,184.83999633789065,185.22000122070312,,,0
2024-01-08 20:30:00+00:00,185.21499633789065,185.5500030517578,,,0
2024-01-09 14:30:00+00:00,183.9199981689453,183.5249938964844,,,0
2024-01-09 15:30:00+00:00,183.52999877929688,184.22999572753903,,,0
2024-01-09 16:30:00+00:00,184.22999572753903,184.44000244140625,,,0
2024-01-09 17:30:00+00:00,184.44000244140625,184.3999938964844,,,0
2024-01-09 18:30:00+00:00,184.3999938964844,184.31500244140625,,,0
2024-01-09 19:30:00+00:00,184.3101043701172,184.7700042724609,,,0
2024-01-09 20:30:00+00:00,184.77999877929688,185.1100006103516,,,0
2024-01-10 14:30:00+00:00,184.3500061035156,184.5500030517578,,,0
2024-01-10 15:30:00+00:00,184.5449981689453,184.50999450683597,,,0
2024-01-10 16:30:00+00:00,184.51499938964844,184.2700042724609,,,0
2024-01-10 17:30:00+00:00,184.2700042724609,184.375,,,0
2024-01-10 18:30:00+00:00,184.3800048828125,185.625,,,0
2024-01-10 19:30:00+00:00,185.6300048828125,185.8249969482422,,,0
2024-01-10 20:30:00+00:00,185.8300018310547,186.13999938964844,,,0
2024-01-11 14:30:00+00:00,186.5399932861328,184.3699951171875,,,0
2024-01-11 15:30:00+00:00,184.3650054931641,184.19000244140625,,,0
2024-01-11 16:30:00+00:00,184.18499755859372,184.0500030517578,,,0
2024-01-11 17:30:00+00:00,184.0749969482422,184.65499877929688,,,0
2024-01-11 18:30:00+00:00,184.6699981689453,185.51499938964844,,,0
2024-01-11 19:30:00+00:00,185.5200042724609,185.3699951171875,,,0
2024-01-11 20:30:00+00:00,185.3699951171875,185.5800018310547,,,0
2024-01-12 14:30:00+00:00,186.05999755859372,185.7899932861328,,,0
2024-01-12 15:30:00+00:00,185.8000030517578,185.875,,,0
2024-01-12 16:30:00+00:00,185.875,185.6199951171875,,,0
2024-01-12 17:30:00+00:00,185.6150054931641,185.79379272460935,,,0
2024-01-12 18:30:00+00:00,185.8000030517578,185.6100006103516,,,0
2024-01-12 19:30:00+00:00,185.60330200195312,185.51499938964844,,,0
2024-01-12 20:30:00+00:00,185.5200042724609,185.9199981689453,,,0
2024-01-16 14:30:00+00:00,182.5,182.75999450683597,,,0
2024-01-16 15:30:00+00:00,182.7700042724609,183.9499969482422,,,0
2024-01-16 16:30:00+00:00,183.9600067138672,182.4149932861328,,,0
2024-01-16 17:30:00+00:00,182.4199981689453,182.7350006103516,,,0
2024-01-16 18:30:00+00:00,182.75,182.45860290527344,,,0
2024-01-16 19:30:00+00:00,182.4550018310547,183.1699981689453,,,0
2024-01-16 20:30:00+00:00,183.17999267578125,183.6100006103516,,,0
2024-01-17 14:30:00+00:00,181.2700042724609,181.6999969482422,,,0
2024-01-17 15:30:00+00:00,181.68499755859372,181.80499267578125,,,0
2024-01-17 16:30:00+00:00,181.80999755859372,182.1199951171875,,,0
2024-01-17 17:30:00+00:00,182.1199951171875,182.1199951171875,,,0
2024-01-17 18:30:00+00:00,182.1150054931641,182.5355987548828,,,0
2024-01-17 19:30:00+00:00,182.5377960205078,182.20550537109372,,,0
2024-01-17 20:30:00+00:00,182.2050018310547,182.66000366210935,,,0
2024-01-18 14:30:00+00:00,186.08999633789065,187.4501037597656,,,0
2024-01-18 15:30:00+00:00,187.4600067138672,188.7700042724609,,,0
2024-01-18 16:30:00+00:00,188.76499938964844,187.92999267578125,,,0
2024-01-18 17:30:00+00:00,187.92999267578125,186.9250030517578,,,0
2024-01-18 18:30:00+00:00,186.92999267578125,188.92449951171875,,,0
2024-01-18 19:30:00+00:00,188.9250030517578,188.95989990234372,,,0
2024-01-18 20:30:00+00:00,188.9600067138672,188.72999572753903,,,0
2024-01-19 14:30:00+00:00,189.3300018310547,189.94009399414065,,,0
2024-01-19 15:30:00+00:00,189.94000244140625,189.91000366210935,,,0
2024-01-19 16:30:00+00:00,189.8999938964844,190.31500244140625,,,0
2024-01-19 17:30:00+00:00,190.32000732421875,190.93499755859372,,,0
2024-01-19 18:30:00+00:00,190.9344940185547,191.47000122070312,,,0
2024-01-19 19:30:00+00:00,191.47999572753903,191.43499755859372,,,0
2024-01-19 20:30:00+00:00,191.43429565429688,191.5800018310547,,,0
2024-01-22 14:30:00+00:00,192.42999267578125,194.75,,,0
2024-01-22 15:30:00+00:00,194.7700042724609,193.77999877929688,,,0
2024-01-22 16:30:00+00:00,193.7899932861328,193.66749572753903,,,0
2024-01-22 17:30:00+00:00,193.66319274902344,193.75729370117188,,,0
2024-01-22 18:30:00+00:00,193.75999450683597,194.3800048828125,,,0
2024-01-22 19:30:00+00:00,194.38999938964844,193.9001007080078,,,0
2024-01-22 20:30:00+00:00,193.8999938964844,193.8699951171875,,,0
2024-01-23 14:30:00+00:00,195.0200042724609,194.19500732421875,,,0
2024-01-23 15:30:00+00:00,194.1999969482422,194.32000732421875,,,0
2024-01-23 16:30:00+00:00,194.32000732421875,194.6649932861328,,,0
2024-01-23 17:30:00+00:00,194.6699981689453,195.05499267578125,,,0
2024-01-23 18:30:00+00:00,195.0500030517578,194.73399353027344,,,0
2024-01-23 19:30:00+00:00,194.6450042724609,194.8350067138672,,,0
2024-01-23 20:30:00+00:00,194.8350067138672,195.16000366210935,,,0
2024-01-24 14:30:00+00:00,195.4199981689453,196.0,,,0
2024-01-24 15:30:00+00:00,195.99009704589844,195.3999938964844,,,0
2024-01-24 16:30:00+00:00,195.41000366210935,195.75,,,0
2024-01-24 17:30:00+00:00,195.7527008056641,195.65499877929688,,,0
2024-01-24 18:30:00+00:00,195.66000366210935,194.80999755859372,,,0
2024-01-24 19:30:00+00:00,194.80999755859372,194.6566925048828,,,0
2024-01-24 20:30:00+00:00,194.65989685058597,194.50999450683597,,,0
2024-01-25 14:30:00+00:00,195.30499267578125,195.35499572753903,,,0
2024-01-25 15:30:00+00:00,195.3600006103516,195.83999633789065,,,0
2024-01-25 16:30:00+00:00,195.83999633789065,195.7400054931641,,,0
2024-01-25 17:30:00+00:00,195.75,194.7100067138672,,,0
2024-01-25 18:30:00+00:00,194.7050018310547,193.91110229492188,,,0
2024-01-25 19:30:00+00:00,193.9149932861328,193.8535003662109,,,0
2024-01-25 20:30:00+00:00,193.85499572753903,194.19000244140625,,,0
2024-01-26 14:30:00+00:00,194.2700042724609,194.68499755859372,,,0
2024-01-26 15:30:00+00:00,194.69000244140625,194.38999938964844,,,0
2024-01-26 16:30:00+00:00,194.3999938964844,193.72000122070312,,,0
2024-01-26 17:30:00+00:00,193.7001037597656,192.66000366210935,,,0
2024-01-26 18:30:00+00:00,192.66000366210935,192.47509765625,,,0
2024-01-26 19:30:00+00:00,192.47999572753903,192.4250030517578,,,0
2024-01-26 20:30:00+00:00,192.4250030517578,192.3699951171875,,,0
2024-01-29 14:30:00+00:00,192.00999450683597,190.8699951171875,,,0
2024-01-29 15:30:00+00:00,190.8699951171875,190.69000244140625,,,0
2024-01-29 16:30:00+00:00,190.68499755859372,191.02999877929688,,,0
2024-01-29 17:30:00+00:00,191.03500366210935,191.25,,,0
2024-01-29 18:30:00+00:00,191.25999450683597,191.53500366210935,,,0
2024-01-29 19:30:00+00:00,191.5355987548828,191.93499755859372,,,0
2024-01-29 20:30:00+00:00,191.93499755859372,191.77999877929688,,,0
2024-01-30 14:30:00+00:00,190.94000244140625,189.9499969482422,,,0
2024-01-30 15:30:00+00:00,189.92999267578125,188.6531982421875,,,0
2024-01-30 16:30:00+00:00,188.65499877929688,188.41000366210935,,,0
2024-01-30 17:30:00+00:00,188.3999938964844,188.56399536132807,,,0
2024-01-30 18:30:00+00:00,188.55999755859372,187.84500122070312,,,0
2024-01-30 19:30:00+00:00,187.84500122070312,188.07000732421875,,,0
2024-01-30 20:30:00+00:00,188.06500244140625,187.97999572753903,,,0
2024-01-31 14:30:00+00:00,187.0399932861328,185.01499938964844,,,0
2024-01-31 15:30:00+00:00,185.0200042724609,185.7198944091797,,,0
2024-01-31 16:30:00+00:00,185.72000122070312,186.08999633789065,,,0
2024-01-31 17:30:00+00:00,186.0800018310547,186.16000366210935,,,0
2024-01-31 18:30:00+00:00,186.1699981689453,185.6699981689453,,,0
2024-01-31 19:30:00+00:00,185.6699981689453,185.5200042724609,,,0
2024-01-31 20:30:00+00:00,185.5200042724609,184.3600006103516,,,0
2024-02-01 14:30:00+00:00,184.25,186.10499572753903,,,0
2024-02-01 15:30:00+00:00,186.1199951171875,185.3950042724609,,,0
2024-02-01 16:30:00+00:00,185.38999938964844,185.88999938964844,,,0
2024-02-01 17:30:00+00:00,185.88999938964844,185.72999572753903,,,0
2024-02-01 18:30:00+00:00,185.7400054931641,185.9750061035156,,,0
2024-02-01 19:30:00+00:00,185.9799041748047,186.66000366210935,,,0
2024-02-01 20:30:00+00:00,186.6499938964844,186.88999938964844,,,0
2024-02-02 14:30:00+00:00,180.4499969482422,183.31500244140625,,,0
2024-02-02 15:30:00+00:00,183.3300018310547,187.0,,,0
2024-02-02 16:30:00+00:00,187.00999450683597,187.0209045410156,,,0
2024-02-02 17:30:00+00:00,187.02999877929688,186.03500366210935,,,0
2024-02-02 18:30:00+00:00,186.0399932861328,186.0800018310547,,,0
2024-02-02 19:30:00+00:00,186.08999633789065,186.72999572753903,,,0
2024-02-02 20:30:00+00:00,186.7350006103516,185.83999633789065,,,0
2024-02-05 14:30:00+00:00,187.125,186.6999969482422,,,0
2024-02-05 15:30:00+00:00,186.6699981689453,187.25,,,0
2024-02-05 16:30:00+00:00,187.25,188.42999267578125,,,0
2024-02-05 17:30:00+00:00,188.42999267578125,188.54010009765625,,,0
2024-02-05 18:30:00+00:00,188.54010009765625,188.46499633789065,,,0
2024-02-05 19:30:00+00:00,188.48699951171875,188.3500061035156,,,0
2024-02-05 20:30:00+00:00,188.33999633789065,187.6699981689453,,,0
2024-02-06 14:30:00+00:00,186.8600006103516,187.92999267578125,,,0
2024-02-06 15:30:00+00:00,187.91000366210935,188.81500244140625,,,0
2024-02-06 16:30:00+00:00,188.82000732421875,188.83999633789065,,,0
2024-02-06 17:30:00+00:00,188.83999633789065,188.88999938964844,,,0
2024-02-06 18:30:00+00:00,188.8950042724609,188.4485015869141,,,0
2024-02-06 19:30:00+00:00,188.4499969482422,188.35499572753903,,,0
2024-02-06 20:30:00+00:00,188.3600006103516,189.2899932861328,,,0
2024-02-07 14:30:00+00:00,190.63999938964844,190.3710021972656,,,0
2024-02-07 15:30:00+00:00,190.3800048828125,189.0749969482422,,,0
2024-02-07 16:30:00+00:00,189.0749969482422,188.9949951171875,,,0
2024-02-07 17:30:00+00:00,189.0,189.1199951171875,,,0
2024-02-07 18:30:00+00:00,189.1300048828125,188.9734039306641,,,0
2024-02-07 19:30:00+00:00,188.97999572753903,189.1750030517578,,,0
2024-02-07 20:30:00+00:00,189.1750030517578,189.41000366210935,,,0
2024-02-08 14:30:00+00:00,189.38499450683597,187.79640197753903,,,0
2024-02-08 15:30:00+00:00,187.8000030517578,188.0050048828125,,,0
2024-02-08 16:30:00+00:00,187.9907073974609,188.6999969482422,,,0
2024-02-08 17:30:00+00:00,188.70899963378903,188.22999572753903,,,0
2024-02-08 18:30:00+00:00,188.22999572753903,188.0200042724609,,,0
2024-02-08 19:30:00+00:00,188.01499938964844,188.33999633789065,,,0
2024-02-08 20:30:00+00:00,188.35499572753903,188.33999633789065,,,0
2024-02-09 14:30:00+00:00,188.6499938964844,188.4900054931641,,,0
2024-02-09 15:30:00+00:00,188.4900054931641,189.58580017089844,,,0
2024-02-09 16:30:00+00:00,189.58839416503903,189.33999633789065,,,0
2024-02-09 17:30:00+00:00,189.3350067138672,189.4700927734375,,,0
2024-02-09 18:30:00+00:00,189.47999572753903,188.8500061035156,,,0
2024-02-09 19:30:00+00:00,188.8406982421875,188.80999755859372,,,0
2024-02-09 20:30:00+00:00,188.80999755859372,188.82000732421875,,,0
2024-02-12 14:30:00+00:00,188.4149932861328,187.46859741210935,,,0
2024-02-12 15:30:00+00:00,187.47000122070312,187.9900054931641,,,0
2024-02-12 16:30:00+00:00,187.9900054931641,187.8650054931641,,,0
2024-02-12 17:30:00+00:00,187.8603057861328,187.9750061035156,,,0
2024-02-12 18:30:00+00:00,187.9750061035156,187.4499969482422,,,0
2024-02-12 19:30:00+00:00,187.44500732421875,187.1100006103516,,,0
2024-02-12 20:30:00+00:00,187.10890197753903,187.17999267578125,,,0
2024-02-13 14:30:00+00:00,185.7700042724609,185.4707946777344,,,0
2024-02-13 15:30:00+00:00,185.4799041748047,185.6100006103516,,,0
2024-02-13 16:30:00+00:00,185.59500122070312,185.4750061035156,,,0
2024-02-13 17:30:00+00:00,185.47999572753903,185.2949981689453,,,0
2024-02-13 18:30:00+00:00,185.2899932861328,184.28500366210935,,,0
2024-02-13 19:30:00+00:00,184.27999877929688,183.7299041748047,,,0
2024-02-13 20:30:00+00:00,183.7250061035156,185.02999877929688,,,0
2024-02-14 14:30:00+00:00,185.32000732421875,183.8000030517578,,,0
2024-02-14 15:30:00+00:00,183.80499267578125,183.4900054931641,,,0
2024-02-14 16:30:00+00:00,183.4900054931641,182.8000030517578,,,0
2024-02-14 17:30:00+00:00,182.8000030517578,182.57000732421875,,,0
2024-02-14 18:30:00+00:00,182.5800018310547,183.1499938964844,,,0
2024-02-14 19:30:00+00:00,183.16000366210935,183.5249938964844,,,0
2024-02-14 20:30:00+00:00,183.52999877929688,184.0200042724609,,,0
2024-02-15 14:30:00+00:00,183.5500030517578,181.8800048828125,,,0
2024-02-15 15:30:00+00:00,181.8999938964844,181.9900054931641,,,0
2024-02-15 16:30:00+00:00,182.0,182.0249938964844,,,0
2024-02-15 17:30:00+00:00,182.02999877929688,182.0500030517578,,,0
2024-02-15 18:30:00+00:00,182.0458984375,181.97889709472656,,,0
2024-02-15 19:30:00+00:00,181.97000122070312,182.38009643554688,,,0
2024-02-15 20:30:00+00:00,182.38690185546875,183.9499969482422,,,0
2024-02-16 14:30:00+00:00,183.75,182.5449981689453,,,0
2024-02-16 15:30:00+00:00,182.5500030517578,183.1499938964844,,,0
2024-02-16 16:30:00+00:00,183.15499877929688,182.94009399414065,,,0
2024-02-16 17:30:00+00:00,182.9499969482422,182.6499938964844,,,0
2024-02-16 18:30:00+00:00,182.6569976806641,183.14300537109372,,,0
2024-02-16 19:30:00+00:00,183.1488037109375,182.2559967041016,,,0
2024-02-16 20:30:00+00:00,182.25999450683597,182.2899932861328,,,0
2024-02-20 14:30:00+00:00,182.0,180.4600067138672,,,0
2024-02-20 15:30:00+00:00,180.4600067138672,181.125,,,0
2024-02-20 16:30:00+00:00,181.1300048828125,180.7449951171875,,,0
2024-02-20 17:30:00+00:00,180.7449951171875,180.50999450683597,,,0
2024-02-20 18:30:00+00:00,180.5050048828125,180.69000244140625,,,0
2024-02-20 19:30:00+00:00,180.69000244140625,181.38270568847656,,,0
2024-02-20 20:30:00+00:00,181.38999938964844,181.6100006103516,,,0
2024-02-21 14:30:00+00:00,181.6000061035156,182.55999755859372,,,0
2024-02-21 15:30:00+00:00,182.55999755859372,182.15499877929688,,,0
2024-02-21 16:30:00+00:00,182.1499938964844,181.38999938964844,,,0
2024-02-21 17:30:00+00:00,181.38999938964844,181.4199981689453,,,0
2024-02-21 18:30:00+00:00,181.42999267578125,180.9499969482422,,,0
2024-02-21 19:30:00+00:00,180.9499969482422,181.2050018310547,,,0
2024-02-21 20:30:00+00:00,181.2100067138672,182.3300018310547,,,0
2024-02-22 14:30:00+00:00,183.83999633789065,183.05499267578125,,,0
2024-02-22 15:30:00+00:00,183.05999755859372,183.03500366210935,,,0
2024-02-22 16:30:00+00:00,183.0399932861328,183.05999755859372,,,0
2024-02-22 17:30:00+00:00,183.07000732421875,184.0399932861328,,,0
2024-02-22 18:30:00+00:00,184.0500030517578,184.94000244140625,,,0
2024-02-22 19:30:00+00:00,184.94000244140625,184.55999755859372,,,0
2024-02-22 20:30:00+00:00,184.56739807128903,184.3699951171875,,,0
2024-02-23 14:30:00+00:00,185.00999450683597,183.3000030517578,,,0
2024-02-23 15:30:00+00:00,183.2949981689453,183.0590057373047,,,0
2024-02-23 16:30:00+00:00,183.05499267578125,182.55999755859372,,,0
2024-02-23 17:30:00+00:00,182.55499267578125,182.9550018310547,,,0
2024-02-23 18:30:00+00:00,182.9550018310547,182.47000122070312,,,0
2024-02-23 19:30:00+00:00,182.47999572753903,182.5850067138672,,,0
2024-02-23 20:30:00+00:00,182.58999633789065,182.50999450683597,,,0
2024-02-26 14:30:00+00:00,182.3999938964844,181.60220336914065,,,0
2024-02-26 15:30:00+00:00,181.6100006103516,180.94000244140625,,,0
2024-02-26 16:30:00+00:00,180.94000244140625,180.97000122070312,,,0
2024-02-26 17:30:00+00:00,180.9730987548828,180.9850006103516,,,0
2024-02-26 18:30:00+00:00,180.9900054931641,181.7120056152344,,,0
2024-02-26 19:30:00+00:00,181.7100067138672,181.3800048828125,,,0
2024-02-26 20:30:00+00:00,181.3800048828125,181.13999938964844,,,0
2024-02-27 14:30:00+00:00,181.25,181.1699981689453,,,0
2024-02-27 15:30:00+00:00,181.16009521484372,180.86279296875,,,0
2024-02-27 16:30:00+00:00,180.8600006103516,180.69000244140625,,,0
2024-02-27 17:30:00+00:00,180.68499755859372,180.06539916992188,,,0
2024-02-27 18:30:00+00:00,180.07000732421875,182.6000061035156,,,0
2024-02-27 19:30:00+00:00,182.597900390625,182.60499572753903,,,0
2024-02-27 20:30:00+00:00,182.6000061035156,182.6300048828125,,,0
2024-02-28 14:30:00+00:00,182.50999450683597,181.16000366210935,,,0
2024-02-28 15:30:00+00:00,181.16000366210935,181.60150146484372,,,0
2024-02-28 16:30:00+00:00,181.6199951171875,180.7010040283203,,,0
2024-02-28 17:30:00+00:00,180.70469665527344,180.60220336914065,,,0
2024-02-28 18:30:00+00:00,180.6100006103516,180.61990356445312,,,0
2024-02-28 19:30:00+00:00,180.60499572753903,180.8350067138672,,,0
2024-02-28 20:30:00+00:00,180.8350067138672,181.4199981689453,,,0
2024-02-29 14:30:00+00:00,182.0,181.6199951171875,,,0
2024-02-29 15:30:00+00:00,181.62530517578125,180.42999267578125,,,0
2024-02-29 16:30:00+00:00,180.4250030517578,179.82000732421875,,,0
2024-02-29 17:30:00+00:00,179.82000732421875,180.3800048828125,,,0
2024-02-29 18:30:00+00:00,180.3800048828125,180.11000061035156,,,0
2024-02-29 19:30:00+00:00,180.1199951171875,180.5850067138672,,,0
2024-02-29 20:30:00+00:00,180.5850067138672,180.7700042724609,,,0
2024-03-01 14:30:00+00:00,180.10000610351562,178.30850219726562,,,0
2024-03-01 15:30:00+00:00,178.30999755859375,178.22999572753906,,,0
2024-03-01 16:30:00+00:00,178.25,178.0399932861328,,,0
2024-03-01 17:30:00+00:00,178.04220581054688,178.70010375976562,,,0
2024-03-01 18:30:00+00:00,178.7050018310547,180.1999969482422,,,0
2024-03-01 19:30:00+00:00,180.1999969482422,179.67999267578125,,,0
2024-03-01 20:30:00+00:00,179.67999267578125,179.63999938964844,,,0
2024-03-04 14:30:00+00:00,175.8000030517578,174.1699981689453,,,0
2024-03-04 15:30:00+00:00,174.19000244140625,174.81500244140625,,,0
2024-03-04 16:30:00+00:00,174.82000732421875,174.6269989013672,,,0
2024-03-04 17:30:00+00:00,174.6300048828125,173.90499877929688,,,0
2024-03-04 18:30:00+00:00,173.89999389648438,174.35000610351562,,,0
2024-03-04 19:30:00+00:00,174.35629272460938,175.44000244140625,,,0
2024-03-04 20:30:00+00:00,175.44500732421875,175.08999633789062,,,0
2024-03-05 14:30:00+00:00,171.0,169.91000366210938,,,0
2024-03-05 15:30:00+00:00,169.9199981689453,170.61000061035156,,,0
2024-03-05 16:30:00+00:00,170.07000732421875,170.78500366210938,,,0
2024-03-05 17:30:00+00:00,170.78500366210938,170.47000122070312,,,0
2024-03-05 18:30:00+00:00,170.4600067138672,170.04400634765625,,,0
2024-03-05 19:30:00+00:00,170.04989624023438,169.97999572753906,,,0
2024-03-05 20:30:00+00:00,169.99000549316406,170.1699981689453,,,0
2024-03-06 14:30:00+00:00,170.42999267578125,169.5800018310547,,,0
2024-03-06 15:30:00+00:00,169.58999633789062,169.77999877929688,,,0
2024-03-06 16:30:00+00:00,169.77499389648438,170.17990112304688,,,0
2024-03-06 17:30:00+00:00,170.1750030517578,169.9915008544922,,,0
2024-03-06 18:30:00+00:00,169.9949951171875,169.10000610351562,,,0
2024-03-06 19:30:00+00:00,169.11000061035156,169.0,,,0
2024-03-06 20:30:00+00:00,169.00999450683594,169.1199951171875,,,0
2024-03-07 14:30:00+00:00,169.14999389648438,168.97000122070312,,,0
2024-03-07 15:30:00+00:00,168.97999572753906,169.27999877929688,,,0
2024-03-07 16:30:00+00:00,169.2899932861328,169.16000366210938,,,0
2024-03-07 17:30:00+00:00,169.1699981689453,169.625,,,0
2024-03-07 18:30:00+00:00,169.6300048828125,170.10000610351562,,,0
2024-03-07 19:30:00+00:00,170.08999633789062,169.610107421875,,,0
2024-03-07 20:30:00+00:00,169.61500549316406,168.97999572753906,,,0
2024-03-08 14:30:00+00:00,169.0,171.77999877929688,,,0
2024-03-08 15:30:00+00:00,171.77999877929688,171.6199951171875,,,0
2024-03-08 16:30:00+00:00,171.6199951171875,172.71499633789062,,,0
2024-03-08 17:30:00+00:00,172.72000122070312,172.22999572753906,,,0
2024-03-08 18:30:00+00:00,172.23500061035156,173.47000122070312,,,0
2024-03-08 19:30:00+00:00,173.47000122070312,171.39999389648438,,,0
2024-03-08 20:30:00+00:00,171.41000366210938,170.74000549316406,,,0
2024-03-11 13:30:00+00:00,173.25,173.35000610351562,,,0
2024-03-11 14:30:00+00:00,173.34890747070312,172.673095703125,,,0
2024-03-11 15:30:00+00:00,172.67799377441406,172.82000732421875,,,0
2024-03-11 16:30:00+00:00,172.8249969482422,172.38999938964844,,,0
2024-03-11 17:30:00+00:00,172.38499450683594,172.625,,,0
2024-03-11 18:30:00+00:00,172.6300048828125,172.6999969482422,,,0
2024-03-11 19:30:00+00:00,172.7100067138672,172.7899932861328,,,0
2024-03-12 13:30:00+00:00,173.14999389648438,172.63499450683594,,,0
2024-03-12 14:30:00+00:00,172.63999938964844,172.67990112304688,,,0
2024-03-12 15:30:00+00:00,172.6750030517578,172.52000427246094,,,0
2024-03-12 16:30:00+00:00,172.52999877929688,173.0399932861328,,,0
2024-03-12 17:30:00+00:00,173.0449981689453,173.79989624023438,,,0
2024-03-12 18:30:00+00:00,173.7949981689453,173.84500122070312,,,0
2024-03-12 19:30:00+00:00,173.85499572753906,173.22000122070312,,,0
2024-03-13 13:30:00+00:00,172.77000427246094,170.98500061035156,,,0
2024-03-13 14:30:00+00:00,170.98500061035156,170.9949951171875,,,0
2024-03-13 15:30:00+00:00,171.0,171.05999755859375,,,0
2024-03-13 16:30:00+00:00,171.07000732421875,171.43499755859375,,,0
2024-03-13 17:30:00+00:00,171.42999267578125,171.5800018310547,,,0
2024-03-13 18:30:00+00:00,171.5800018310547,171.27999877929688,,,0
2024-03-13 19:30:00+00:00,171.27999877929688,171.1699981689453,,,0
2024-03-14 13:30:00+00:00,172.32000732421875,173.6649932861328,,,0
2024-03-14 14:30:00+00:00,173.6699981689453,173.33999633789062,,,0
2024-03-14 15:30:00+00:00,173.34500122070312,172.6699981689453,,,0
2024-03-14 16:30:00+00:00,172.67999267578125,172.96299743652344,,,0
2024-03-14 17:30:00+00:00,172.96890258789062,173.8249969482422,,,0
2024-03-14 18:30:00+00:00,173.8300018310547,172.66000366210938,,,0
2024-03-14 19:30:00+00:00,172.66000366210938,173.0800018310547,,,0
2024-03-15 13:30:00+00:00,171.0,170.610107421875,,,0
2024-03-15 14:30:00+00:00,170.61810302734375,170.9550018310547,,,0
2024-03-15 15:30:00+00:00,170.9550018310547,171.31500244140625,,,0
2024-03-15 16:30:00+00:00,171.31500244140625,170.69500732421875,,,0
2024-03-15 17:30:00+00:00,170.6999969482422,171.21499633789062,,,0
2024-03-15 18:30:00+00:00,171.21499633789062,171.86500549316406,,,0
2024-03-15 19:30:00+00:00,171.8560028076172,172.57000732421875,,,0
2024-03-18 13:30:00+00:00,175.60000610351562,177.35000610351562,,,0
2024-03-18 14:30:00+00:00,177.3699951171875,176.82000732421875,,,0
2024-03-18 15:30:00+00:00,176.82000732421875,175.25830078125,,,0
2024-03-18 16:30:00+00:00,175.2550048828125,175.39500427246094,,,0
2024-03-18 17:30:00+00:00,175.39999389648438,175.5301055908203,,,0
2024-03-18 18:30:00+00:00,175.53599548339844,175.06500244140625,,,0
2024-03-18 19:30:00+00:00,175.07000732421875,173.6999969482422,,,0
2024-03-19 13:30:00+00:00,174.08999633789062,174.7050018310547,,,0
2024-03-19 14:30:00+00:00,174.6999969482422,174.83999633789062,,,0
2024-03-19 15:30:00+00:00,174.83999633789062,175.30999755859375,,,0
2024-03-19 16:30:00+00:00,175.31500244140625,175.64500427246094,,,0
2024-03-19 17:30:00+00:00,175.64999389648438,176.4250030517578,,,0
2024-03-19 18:30:00+00:00,176.4217071533203,176.3300018310547,,,0
2024-03-19 19:30:00+00:00,176.3350067138672,176.0800018310547,,,0
2024-03-20 13:30:00+00:00,175.72999572753906,176.16050720214844,,,0
2024-03-20 14:30:00+00:00,176.1649932861328,176.05990600585938,,,0
2024-03-20 15:30:00+00:00,176.05929565429688,176.38009643554688,,,0
2024-03-20 16:30:00+00:00,176.3800048828125,176.3249969482422,,,0
2024-03-20 17:30:00+00:00,176.30999755859375,177.00750732421875,,,0
2024-03-20 18:30:00+00:00,177.00999450683594,178.21499633789062,,,0
2024-03-20 19:30:00+00:00,178.2100067138672,178.66000366210938,,,0
2024-03-21 13:30:00+00:00,177.0,175.0218048095703,,,0
2024-03-21 14:30:00+00:00,175.02999877929688,172.82130432128906,,,0
2024-03-21 15:30:00+00:00,172.82000732421875,172.56500244140625,,,0
2024-03-21 16:30:00+00:00,172.57000732421875,172.10830688476562,,,0
2024-03-21 17:30:00+00:00,172.10009765625,171.0749969482422,,,0
2024-03-21 18:30:00+00:00,171.0800018310547,171.25,,,0
2024-03-21 19:30:00+00:00,171.24000549316406,171.39999389648438,,,0
2024-03-22 13:30:00+00:00,171.86000061035156,171.78570556640625,,,0
2024-03-22 14:30:00+00:00,171.7949981689453,172.25999450683594,,,0
2024-03-22 15:30:00+00:00,172.27000427246094,172.36500549316406,,,0
2024-03-22 16:30:00+00:00,172.3699951171875,172.61399841308594,,,0
2024-03-22 17:30:00+00:00,172.6199951171875,172.625,,,0
2024-03-22 18:30:00+00:00,172.62759399414062,172.9868927001953,,,0
2024-03-22 19:30:00+00:00,172.98159790039062,172.25,,,0
2024-03-25 13:30:00+00:00,170.52999877929688,170.0399932861328,,,0
2024-03-25 14:30:00+00:00,170.0399932861328,170.1199951171875,,,0
2024-03-25 15:30:00+00:00,170.1199951171875,170.73789978027344,,,0
2024-03-25 16:30:00+00:00,170.73500061035156,171.36500549316406,,,0
2024-03-25 17:30:00+00:00,171.36000061035156,171.3300018310547,,,0
2024-03-25 18:30:00+00:00,171.3249969482422,171.55799865722656,,,0
2024-03-25 19:30:00+00:00,171.55999755859375,170.86000061035156,,,0
2024-03-26 13:30:00+00:00,170.0,170.72000122070312,,,0
2024-03-26 14:30:00+00:00,170.72000122070312,170.6510009765625,,,0
2024-03-26 15:30:00+00:00,170.65499877929688,171.2346954345703,,,0
2024-03-26 16:30:00+00:00,171.23109436035156,170.82000732421875,,,0
2024-03-26 17:30:00+00:00,170.82400512695312,170.52000427246094,,,0
2024-03-26 18:30:00+00:00,170.5124969482422,170.5399932861328,,,0
2024-03-26 19:30:00+00:00,170.5399932861328,169.81500244140625,,,0
2024-03-27 13:30:00+00:00,170.4199981689453,172.0449981689453,,,0
2024-03-27 14:30:00+00:00,172.0399932861328,172.4550018310547,,,0
2024-03-27 15:30:00+00:00,172.4600067138672,172.0467987060547,,,0
2024-03-27 16:30:00+00:00,172.0500030517578,172.25999450683594,,,0
2024-03-27 17:30:00+00:00,172.27000427246094,172.75,,,0
2024-03-27 18:30:00+00:00,172.7550048828125,172.99000549316406,,,0
2024-03-27 19:30:00+00:00,173.0,173.41000366210938,,,0
2024-03-28 13:30:00+00:00,171.6999969482422,171.19500732421875,,,0
2024-03-28 14:30:00+00:00,171.1999969482422,170.8350067138672,,,0
2024-03-28 15:30:00+00:00,170.83999633789062,171.16920471191406,,,0
2024-03-28 16:30:00+00:00,171.1699981689453,170.96499633789062,,,0
2024-03-28 17:30:00+00:00,170.9600067138672,171.7801055908203,,,0
2024-03-28 18:30:00+00:00,171.7899932861328,172.139892578125,,,0
2024-03-28 19:30:00+00:00,172.13999938964844,171.52000427246094,,,0
2024-04-01 13:30:00+00:00,171.1875,170.08990478515625,,,0
2024-04-01 14:30:00+00:00,170.08900451660156,169.84500122070312,,,0
2024-04-01 15:30:00+00:00,169.83999633789062,169.89500427246094,,,0
2024-04-01 16:30:00+00:00,169.89500427246094,169.9156951904297,,,0
2024-04-01 17:30:00+00:00,169.9199981689453,169.9949951171875,,,0
2024-04-01 18:30:00+00:00,169.99000549316406,169.93499755859375,,,0
2024-04-01 19:30:00+00:00,169.93499755859375,170.00999450683594,,,0
2024-04-02 13:30:00+00:00,169.05999755859375,169.0399932861328,,,0
2024-04-02 14:30:00+00:00,169.03500366210938,168.8321990966797,,,0
2024-04-02 15:30:00+00:00,168.8350067138672,168.6649932861328,,,0
2024-04-02 16:30:00+00:00,168.67999267578125,168.9949951171875,,,0
2024-04-02 17:30:00+00:00,169.0,168.9199981689453,,,0
2024-04-02 18:30:00+00:00,168.9199981689453,168.97500610351562,,,0
2024-04-02 19:30:00+00:00,168.99000549316406,168.94000244140625,,,0
2024-04-03 13:30:00+00:00,168.75,170.0366973876953,,,0
2024-04-03 14:30:00+00:00,170.02499389648438,170.52000427246094,,,0
2024-04-03 15:30:00+00:00,170.52000427246094,170.32000732421875,,,0
2024-04-03 16:30:00+00:00,170.30999755859375,170.2050018310547,,,0
2024-04-03 17:30:00+00:00,170.2100067138672,170.19700622558594,,,0
2024-04-03 18:30:00+00:00,170.1999969482422,169.52499389648438,,,0
2024-04-03 19:30:00+00:00,169.52999877929688,169.66000366210938,,,0
2024-04-04 13:30:00+00:00,170.2899932861328,171.00999450683594,,,0
2024-04-04 14:30:00+00:00,171.01499938964844,171.27000427246094,,,0
2024-04-04 15:30:00+00:00,171.27999877929688,171.72030639648438,,,0
2024-04-04 16:30:00+00:00,171.72999572753906,171.5399932861328,,,0
2024-04-04 17:30:00+00:00,171.5467987060547,169.75,,,0
2024-04-04 18:30:00+00:00,169.74000549316406,169.04100036621094,,,0
2024-04-04 19:30:00+00:00,169.0399932861328,168.88999938964844,,,0
2024-04-05 13:30:00+00:00,169.5,169.22000122070312,,,0
2024-04-05 14:30:00+00:00,169.22999572753906,169.46499633789062,,,0
2024-04-05 15:30:00+00:00,169.46499633789062,170.1699981689453,,,0
2024-04-05 16:30:00+00:00,170.1699981689453,170.07400512695312,,,0
2024-04-05 17:30:00+00:00,170.08999633789062,169.50030517578125,,,0
2024-04-05 18:30:00+00:00,169.50999450683594,169.88999938964844,,,0
2024-04-05 19:30:00+00:00,169.88999938964844,169.57000732421875,,,0
2024-04-08 13:30:00+00:00,169.05999755859375,168.82000732421875,,,0
2024-04-08 14:30:00+00:00,168.8249969482422,168.81500244140625,,,0
2024-04-08 15:30:00+00:00,168.81500244140625,168.4123992919922,,,0
2024-04-08 16:30:00+00:00,168.4149932861328,168.64500427246094,,,0
2024-04-08 17:30:00+00:00,168.64500427246094,168.79010009765625,,,0
2024-04-08 18:30:00+00:00,168.7949981689453,168.78500366210938,,,0
2024-04-08 19:30:00+00:00,168.78500366210938,168.4600067138672,,,0
2024-04-09 13:30:00+00:00,168.69200134277344,169.47000122070312,,,0
2024-04-09 14:30:00+00:00,169.47500610351562,168.69500732421875,,,0
2024-04-09 15:30:00+00:00,168.6999969482422,169.07000732421875,,,0
2024-04-09 16:30:00+00:00,169.07000732421875,169.25999450683594,,,0
2024-04-09 17:30:00+00:00,169.27000427246094,168.5850067138672,,,0
2024-04-09 18:30:00+00:00,168.5800018310547,169.25250244140625,,,0
2024-04-09 19:30:00+00:00,169.25999450683594,169.69000244140625,,,0
2024-04-10 13:30:00+00:00,168.83999633789062,168.02999877929688,,,0
2024-04-10 14:30:00+00:00,168.04400634765625,167.9149932861328,,,0
2024-04-10 15:30:00+00:00,167.94000244140625,168.01499938964844,,,0
2024-04-10 16:30:00+00:00,168.03700256347656,168.13499450683594,,,0
2024-04-10 17:30:00+00:00,168.12100219726562,167.75999450683594,,,0
2024-04-10 18:30:00+00:00,167.76499938964844,168.25999450683594,,,0
2024-04-10 19:30:00+00:00,168.25999450683594,167.75,,,0
2024-04-11 13:30:00+00:00,168.25,168.72000122070312,,,0
2024-04-11 14:30:00+00:00,168.72999572753906,169.0,,,0
2024-04-11 15:30:00+00:00,169.0010986328125,169.91000366210938,,,0
2024-04-11 16:30:00+00:00,169.9199981689453,172.10499572753906,,,0
2024-04-11 17:30:00+00:00,172.11000061035156,174.17999267578125,,,0
2024-04-11 18:30:00+00:00,174.17999267578125,174.73989868164062,,,0
2024-04-11 19:30:00+00:00,174.74000549316406,175.0399932861328,,,0
2024-04-12 13:30:00+00:00,174.28500366210938,176.75,,,0
2024-04-12 14:30:00+00:00,176.74249267578125,176.25430297851562,,,0
2024-04-12 15:30:00+00:00,176.25999450683594,175.58999633789062,,,0
2024-04-12 16:30:00+00:00,175.59500122070312,175.35000610351562,,,0
2024-04-12 17:30:00+00:00,175.33999633789062,175.97000122070312,,,0
2024-04-12 18:30:00+00:00,175.97000122070312,176.0175018310547,,,0
2024-04-12 19:30:00+00:00,176.01499938964844,176.56500244140625,,,0
2024-04-15 13:30:00+00:00,175.3800048828125,174.8800048828125,,,0
2024-04-15 14:30:00+00:00,174.8800048828125,175.41000366210938,,,0
2024-04-15 15:30:00+00:00,175.39999389648438,175.10000610351562,,,0
2024-04-15 16:30:00+00:00,175.09500122070312,174.52000427246094,,,0
2024-04-15 17:30:00+00:00,174.50999450683594,173.1300048828125,,,0
2024-04-15 18:30:00+00:00,173.1199951171875,172.92999267578125,,,0
2024-04-15 19:30:00+00:00,172.92999267578125,172.68499755859375,,,0
2024-04-16 13:30:00+00:00,171.7100067138672,171.22000122070312,,,0
2024-04-16 14:30:00+00:00,171.1999969482422,169.44500732421875,,,0
2024-04-16 15:30:00+00:00,169.4499969482422,169.4149932861328,,,0
2024-04-16 16:30:00+00:00,169.41000366210938,169.38999938964844,,,0
2024-04-16 17:30:00+00:00,169.39999389648438,168.9250030517578,,,0
2024-04-16 18:30:00+00:00,168.9250030517578,169.9949951171875,,,0
2024-04-16 19:30:00+00:00,169.99000549316406,169.33790588378906,,,0
2024-04-17 13:30:00+00:00,169.5800018310547,170.4550018310547,,,0
2024-04-17 14:30:00+00:00,170.4499969482422,169.2100067138672,,,0
2024-04-17 15:30:00+00:00,169.22000122070312,168.6999969482422,,,0
2024-04-17 16:30:00+00:00,168.6999969482422,168.82000732421875,,,0
2024-04-17 17:30:00+00:00,168.8300018310547,168.61000061035156,,,0
2024-04-17 18:30:00+00:00,168.6199951171875,168.08999633789062,,,0
2024-04-17 19:30:00+00:00,168.08999633789062,168.0,,,0
2024-04-18 13:30:00+00:00,168.0,168.03990173339844,,,0
2024-04-18 14:30:00+00:00,168.0399932861328,167.99000549316406,,,0
2024-04-18 15:30:00+00:00,168.0,167.56500244140625,,,0
2024-04-18 16:30:00+00:00,167.56500244140625,166.9799041748047,,,0
2024-04-18 17:30:00+00:00,166.99000549316406,166.85989379882812,,,0
2024-04-18 18:30:00+00:00,166.8800048828125,167.10000610351562,,,0
2024-04-18 19:30:00+00:00,167.10000610351562,167.0399932861328,,,0
2024-04-19 13:30:00+00:00,166.1199951171875,165.27000427246094,,,0
2024-04-19 14:30:00+00:00,165.25999450683594,164.98500061035156,,,0
2024-04-19 15:30:00+00:00,164.97999572753906,164.36239624023438,,,0
2024-04-19 16:30:00+00:00,164.3699951171875,164.9199981689453,,,0
2024-04-19 17:30:00+00:00,164.89999389648438,165.0399932861328,,,0
2024-04-19 18:30:00+00:00,165.02000427246094,165.1649932861328,,,0
2024-04-19 19:30:00+00:00,165.16000366210938,164.92999267578125,,,0
2024-04-22 13:30:00+00:00,165.75,165.3699951171875,,,0
2024-04-22 14:30:00+00:00,165.3699951171875,165.39500427246094,,,0
2024-04-22 15:30:00+00:00,165.39999389648438,165.6199951171875,,,0
2024-04-22 16:30:00+00:00,165.61419677734375,166.27499389648438,,,0
2024-04-22 17:30:00+00:00,166.27000427246094,166.85499572753906,,,0
2024-04-22 18:30:00+00:00,166.86000061035156,166.66000366210938,,,0
2024-04-22 19:30:00+00:00,166.66000366210938,165.83999633789062,,,0
2024-04-23 13:30:00+00:00,165.25999450683594,165.82000732421875,,,0
2024-04-23 14:30:00+00:00,165.82000732421875,166.625,,,0
2024-04-23 15:30:00+00:00,166.6199951171875,166.27000427246094,,,0
2024-04-23 16:30:00+00:00,166.27000427246094,166.39199829101562,,,0
2024-04-23 17:30:00+00:00,166.39999389648438,166.83999633789062,,,0
2024-04-23 18:30:00+00:00,166.83999633789062,166.85000610351562,,,0
2024-04-23 19:30:00+00:00,166.83999633789062,166.91000366210938,,,0
2024-04-24 13:30:00+00:00,166.39999389648438,167.9949951171875,,,0
2024-04-24 14:30:00+00:00,167.9949951171875,167.9199981689453,,,0
2024-04-24 15:30:00+00:00,167.9250030517578,168.72500610351562,,,0
2024-04-24 16:30:00+00:00,168.72500610351562,168.46170043945312,,,0
2024-04-24 17:30:00+00:00,168.47000122070312,168.75,,,0
2024-04-24 18:30:00+00:00,168.75,169.05499267578125,,,0
2024-04-24 19:30:00+00:00,169.05409240722656,168.9499969482422,,,0
2024-04-25 13:30:00+00:00,169.60000610351562,168.91749572753906,,,0
2024-04-25 14:30:00+00:00,168.89999389648438,168.5677947998047,,,0
2024-04-25 15:30:00+00:00,168.56500244140625,169.19000244140625,,,0
2024-04-25 16:30:00+00:00,169.18760681152344,169.05999755859375,,,0
2024-04-25 17:30:00+00:00,169.05499267578125,169.1300048828125,,,0
2024-04-25 18:30:00+00:00,169.11000061035156,169.93499755859375,,,0
2024-04-25 19:30:00+00:00,169.92999267578125,169.89999389648438,,,0
2024-04-26 13:30:00+00:00,169.8699951171875,170.66000366210938,,,0
2024-04-26 14:30:00+00:00,170.66000366210938,170.69000244140625,,,0
2024-04-26 15:30:00+00:00,170.68499755859375,170.2449951171875,,,0
2024-04-26 16:30:00+00:00,170.25,169.875,,,0
2024-04-26 17:30:00+00:00,169.8800048828125,169.6999969482422,,,0
2024-04-26 18:30:00+00:00,169.6999969482422,169.99000549316406,,,0
2024-04-26 19:30:00+00:00,169.97999572753906,169.2899932861328,,,0
2024-04-29 13:30:00+00:00,173.38999938964844,174.75999450683594,,,0
2024-04-29 14:30:00+00:00,174.75,174.50999450683594,,,0
2024-04-29 15:30:00+00:00,174.5198974609375,174.3249969482422,,,0
2024-04-29 16:30:00+00:00,174.32769775390625,174.8699951171875,,,0
2024-04-29 17:30:00+00:00,174.8699951171875,174.2657928466797,,,0
2024-04-29 18:30:00+00:00,174.26010131835938,173.8249969482422,,,0
2024-04-29 19:30:00+00:00,173.8249969482422,173.49000549316406,,,0
2024-04-30 13:30:00+00:00,173.20199584960938,174.42999267578125,,,0
2024-04-30 14:30:00+00:00,174.4250030517578,173.86500549316406,,,0
2024-04-30 15:30:00+00:00,173.86990356445312,173.8365936279297,,,0
2024-04-30 16:30:00+00:00,173.83999633789062,173.27529907226562,,,0
2024-04-30 17:30:00+00:00,173.30499267578125,173.17999267578125,,,0
2024-04-30 18:30:00+00:00,173.1999969482422,172.72999572753906,,,0
2024-04-30 19:30:00+00:00,172.74000549316406,170.08999633789062,,,0
2024-05-01 13:30:00+00:00,170.0,170.81500244140625,,,0
2024-05-01 14:30:00+00:00,170.78500366210938,171.1699981689453,,,0
2024-05-01 15:30:00+00:00,171.1699981689453,171.38999938964844,,,0
2024-05-01 16:30:00+00:00,171.3800048828125,171.1199951171875,,,0
2024-05-01 17:30:00+00:00,171.125,171.42300415039062,,,0
2024-05-01 18:30:00+00:00,171.4199981689453,172.3699951171875,,,0
2024-05-01 19:30:00+00:00,172.38499450683594,169.2899932861328,,,0
2024-05-02 13:30:00+00:00,172.4199981689453,171.58999633789062,,,0
2024-05-02 14:30:00+00:00,171.5941925048828,171.60000610351562,,,0
2024-05-02 15:30:00+00:00,171.59719848632812,172.3498992919922,,,0
2024-05-02 16:30:00+00:00,172.34500122070312,172.6988983154297,,,0
2024-05-02 17:30:00+00:00,172.6999969482422,172.89999389648438,,,0
2024-05-02 18:30:00+00:00,172.89999389648438,173.14999389648438,,,0
2024-05-02 19:30:00+00:00,173.14500427246094,173.08999633789062,,,0
2024-05-03 13:30:00+00:00,186.6699981689453,184.17999267578125,,,0
2024-05-03 14:30:00+00:00,184.19900512695312,184.6499938964844,,,0
2024-05-03 15:30:00+00:00,184.66000366210935,184.3600006103516,,,0
2024-05-03 16:30:00+00:00,184.35989379882807,185.360107421875,,,0
2024-05-03 17:30:00+00:00,185.3600006103516,185.75,,,0
2024-05-03 18:30:00+00:00,185.7550048828125,184.9949951171875,,,0
2024-05-03 19:30:00+00:00,185.0,183.38999938964844,,,0
2024-05-06 13:30:00+00:00,182.35400390625,182.6199951171875,,,0
2024-05-06 14:30:00+00:00,182.88999938964844,181.99710083007807,,,0
2024-05-06 15:30:00+00:00,182.0050048828125,181.6000061035156,,,0
2024-05-06 16:30:00+00:00,181.6000061035156,180.58999633789065,,,0
2024-05-06 17:30:00+00:00,180.58999633789065,180.80499267578125,,,0
2024-05-06 18:30:00+00:00,180.80999755859372,181.4806060791016,,,0
2024-05-06 19:30:00+00:00,181.4900054931641,181.6999969482422,,,0
2024-05-07 13:30:00+00:00,183.4499969482422,182.83990478515625,,,0
2024-05-07 14:30:00+00:00,182.8249969482422,182.17999267578125,,,0
2024-05-07 15:30:00+00:00,182.16000366210935,181.5200042724609,,,0
2024-05-07 16:30:00+00:00,181.5200042724609,182.55999755859372,,,0
2024-05-07 17:30:00+00:00,182.55999755859372,182.37600708007807,,,0
2024-05-07 18:30:00+00:00,182.3699951171875,182.63499450683597,,,0
2024-05-07 19:30:00+00:00,182.6300048828125,182.3699951171875,,,0
2024-05-08 13:30:00+00:00,182.7100067138672,181.91000366210935,,,0
2024-05-08 14:30:00+00:00,181.88999938964844,182.28500366210935,,,0
2024-05-08 15:30:00+00:00,182.28500366210935,182.33999633789065,,,0
2024-05-08 16:30:00+00:00,182.33999633789065,182.3000030517578,,,0
2024-05-08 17:30:00+00:00,182.30499267578125,182.68499755859372,,,0
2024-05-08 18:30:00+00:00,182.69000244140625,182.89010620117188,,,0
2024-05-08 19:30:00+00:00,182.8950042724609,182.7400054931641,,,0
2024-05-09 13:30:00+00:00,182.55999755859372,183.4199981689453,,,0
2024-05-09 14:30:00+00:00,183.4250030517578,183.63999938964844,,,0
2024-05-09 15:30:00+00:00,183.6499938964844,183.60499572753903,,,0
2024-05-09 16:30:00+00:00,183.60499572753903,184.3800048828125,,,0
2024-05-09 17:30:00+00:00,184.38999938964844,184.25,,,0
2024-05-09 18:30:00+00:00,184.2400054931641,184.31500244140625,,,0
2024-05-09 19:30:00+00:00,184.30999755859372,184.6499938964844,,,0
2024-05-10 13:30:00+00:00,184.9199981689453,183.2050018310547,,,0
2024-05-10 14:30:00+00:00,183.2100067138672,182.69000244140625,,,0
2024-05-10 15:30:00+00:00,182.6999969482422,182.48880004882807,,,0
2024-05-10 16:30:00+00:00,182.4850006103516,182.3950042724609,,,0
2024-05-10 17:30:00+00:00,182.38999938964844,182.7400054931641,,,0
2024-05-10 18:30:00+00:00,182.72999572753903,182.94000244140625,,,0
2024-05-10 19:30:00+00:00,182.94000244140625,183.0,,,0
2024-05-13 13:30:00+00:00,185.43499755859372,185.68899536132807,,,0
2024-05-13 14:30:00+00:00,185.68499755859372,185.9199981689453,,,0
2024-05-13 15:30:00+00:00,185.9149932861328,186.2899932861328,,,0
2024-05-13 16:30:00+00:00,186.2899932861328,186.6585998535156,,,0
2024-05-13 17:30:00+00:00,186.66000366210935,186.6501007080078,,,0
2024-05-13 18:30:00+00:00,186.65989685058597,186.98989868164065,,,0
2024-05-13 19:30:00+00:00,186.9850006103516,186.28500366210935,,,0
2024-05-14 13:30:00+00:00,187.6499938964844,187.00999450683597,,,0
2024-05-14 14:30:00+00:00,187.00999450683597,186.97999572753903,,,0
2024-05-14 15:30:00+00:00,186.9850006103516,186.8000030517578,,,0
2024-05-14 16:30:00+00:00,186.8000030517578,186.52999877929688,,,0
2024-05-14 17:30:00+00:00,186.53500366210935,187.32940673828125,,,0
2024-05-14 18:30:00+00:00,187.3249969482422,187.7449951171875,,,0
2024-05-14 19:30:00+00:00,187.75,187.38999938964844,,,0
2024-05-15 13:30:00+00:00,187.97999572753903,189.57899475097656,,,0
2024-05-15 14:30:00+00:00,189.5800018310547,189.9199981689453,,,0
2024-05-15 15:30:00+00:00,189.9250030517578,190.15499877929688,,,0
2024-05-15 16:30:00+00:00,190.15499877929688,190.3699951171875,,,0
2024-05-15 17:30:00+00:00,190.3800048828125,189.92999267578125,,,0
2024-05-15 18:30:00+00:00,189.9250030517578,189.875,,,0
2024-05-15 19:30:00+00:00,189.8800048828125,189.7400054931641,,,0
2024-05-16 13:30:00+00:00,190.51600646972656,190.5802001953125,,,0
2024-05-16 14:30:00+00:00,190.5850067138672,189.9698944091797,,,0
2024-05-16 15:30:00+00:00,189.96499633789065,190.32110595703125,,,0
2024-05-16 16:30:00+00:00,190.3294982910156,190.00999450683597,,,0
2024-05-16 17:30:00+00:00,190.00050354003903,189.92739868164065,,,0
2024-05-16 18:30:00+00:00,189.9199981689453,189.88499450683597,,,0
2024-05-16 19:30:00+00:00,189.88999938964844,189.8999938964844,,,0
2024-05-17 13:30:00+00:00,189.3800048828125,190.1501007080078,,,0
2024-05-17 14:30:00+00:00,190.16000366210935,189.69700622558597,,,0
2024-05-17 15:30:00+00:00,189.69000244140625,189.7899932861328,,,0
2024-05-17 16:30:00+00:00,189.7949981689453,189.68499755859372,,,0
2024-05-17 17:30:00+00:00,189.69000244140625,189.67999267578125,,,0
2024-05-17 18:30:00+00:00,189.6649932861328,190.1083068847656,,,0
2024-05-17 19:30:00+00:00,190.10499572753903,189.92999267578125,,,0
2024-05-20 13:30:00+00:00,189.3500061035156,191.60499572753903,,,0
2024-05-20 14:30:00+00:00,191.6000061035156,191.17999267578125,,,0
2024-05-20 15:30:00+00:00,191.1750030517578,191.1649932861328,,,0
2024-05-20 16:30:00+00:00,191.16000366210935,191.46499633789065,,,0
2024-05-20 17:30:00+00:00,191.4640045166016,191.41000366210935,,,0
2024-05-20 18:30:00+00:00,191.41000366210935,191.31399536132807,,,0
2024-05-20 19:30:00+00:00,191.30999755859372,191.0800018310547,,,0
2024-05-21 13:30:00+00:00,191.08999633789065,192.2100067138672,,,0
2024-05-21 14:30:00+00:00,192.22999572753903,192.2826995849609,,,0
2024-05-21 15:30:00+00:00,192.2899932861328,192.17909240722656,,,0
2024-05-21 16:30:00+00:00,192.1750030517578,192.3600006103516,,,0
2024-05-21 17:30:00+00:00,192.3699951171875,192.51499938964844,,,0
2024-05-21 18:30:00+00:00,192.51499938964844,192.52999877929688,,,0
2024-05-21 19:30:00+00:00,192.52999877929688,192.3600006103516,,,0
2024-05-22 13:30:00+00:00,192.25,192.71499633789065,,,0
2024-05-22 14:30:00+00:00,192.71499633789065,192.13999938964844,,,0
2024-05-22 15:30:00+00:00,192.13999938964844,191.6199951171875,,,0
2024-05-22 16:30:00+00:00,191.6150054931641,191.3699951171875,,,0
2024-05-22 17:30:00+00:00,191.3600006103516,190.6000061035156,,,0
2024-05-22 18:30:00+00:00,190.59500122070312,190.9398956298828,,,0
2024-05-22 19:30:00+00:00,190.9300994873047,190.97999572753903,,,0
2024-05-23 13:30:00+00:00,191.0,189.0500030517578,,,0
2024-05-23 14:30:00+00:00,189.05999755859372,189.4499969482422,,,0
2024-05-23 15:30:00+00:00,189.4550018310547,189.5249938964844,,,0
2024-05-23 16:30:00+00:00,189.5249938964844,188.64010620117188,,,0
2024-05-23 17:30:00+00:00,188.6499938964844,187.7050018310547,,,0
2024-05-23 18:30:00+00:00,187.6999969482422,187.6199951171875,,,0
2024-05-23 19:30:00+00:00,187.6199951171875,186.91000366210935,,,0
2024-05-24 13:30:00+00:00,188.82000732421875,189.5200042724609,,,0
2024-05-24 14:30:00+00:00,189.51499938964844,190.1199951171875,,,0
2024-05-24 15:30:00+00:00,190.1100006103516,190.37989807128903,,,0
2024-05-24 16:30:00+00:00,190.3800048828125,190.4149932861328,,,0
2024-05-24 17:30:00+00:00,190.4199981689453,190.1499938964844,,,0
2024-05-24 18:30:00+00:00,190.1499938964844,190.08999633789065,,,0
2024-05-24 19:30:00+00:00,190.0850067138672,190.0,,,0
2024-05-28 13:30:00+00:00,191.5319976806641,191.63999938964844,,,0
2024-05-28 14:30:00+00:00,191.6300048828125,191.6199951171875,,,0
2024-05-28 15:30:00+00:00,191.6100006103516,191.2550048828125,,,0
2024-05-28 16:30:00+00:00,191.2501983642578,190.875,,,0
2024-05-28 17:30:00+00:00,190.875,189.72979736328125,,,0
2024-05-28 18:30:00+00:00,189.7250061035156,189.5328063964844,,,0
2024-05-28 19:30:00+00:00,189.5379943847656,190.1000061035156,,,0
2024-05-29 13:30:00+00:00,189.50999450683597,191.8500061035156,,,0
2024-05-29 14:30:00+00:00,191.84890747070312,191.48370361328125,,,0
2024-05-29 15:30:00+00:00,191.4850006103516,191.75999450683597,,,0
2024-05-29 16:30:00+00:00,191.7624969482422,191.7949981689453,,,0
2024-05-29 17:30:00+00:00,191.7899932861328,191.5601043701172,,,0
2024-05-29 18:30:00+00:00,191.55999755859372,191.13999938964844,,,0
2024-05-29 19:30:00+00:00,191.13999938964844,190.3699951171875,,,0
2024-05-30 13:30:00+00:00,190.78500366210935,191.44500732421875,,,0
2024-05-30 14:30:00+00:00,191.4499969482422,191.69500732421875,,,0
2024-05-30 15:30:00+00:00,191.6699981689453,191.25999450683597,,,0
2024-05-30 16:30:00+00:00,191.25999450683597,192.0787048339844,,,0
2024-05-30 17:30:00+00:00,192.0800018310547,191.53500366210935,,,0
2024-05-30 18:30:00+00:00,191.5366973876953,191.56500244140625,,,0
2024-05-30 19:30:00+00:00,191.5800018310547,191.2899932861328,,,0
2024-05-31 13:30:00+00:00,191.44000244140625,191.69000244140625,,,0
2024-05-31 14:30:00+00:00,191.69000244140625,190.41000366210935,,,0
2024-05-31 15:30:00+00:00,190.38999938964844,190.19720458984372,,,0
2024-05-31 16:30:00+00:00,190.1999969482422,190.57000732421875,,,0
2024-05-31 17:30:00+00:00,190.57000732421875,190.55499267578125,,,0
2024-05-31 18:30:00+00:00,190.5500030517578,191.02999877929688,,,0
2024-05-31 19:30:00+00:00,191.0200042724609,192.47000122070312,,,0
2024-06-03 13:30:00+00:00,192.97999572753903,194.8350067138672,,,0
2024-06-03 14:30:00+00:00,194.8300018310547,194.1300048828125,,,0
2024-06-03 15:30:00+00:00,194.1199951171875,193.28939819335935,,,0
2024-06-03 16:30:00+00:00,193.27999877929688,193.7899932861328,,,0
2024-06-03 17:30:00+00:00,193.75999450683597,193.1000061035156,,,0
2024-06-03 18:30:00+00:00,193.1000061035156,193.35400390625,,,0
2024-06-03 19:30:00+00:00,193.3600006103516,194.08999633789065,,,0
2024-06-04 13:30:00+00:00,194.72000122070312,194.02999877929688,,,0
2024-06-04 14:30:00+00:00,194.0249938964844,194.0500030517578,,,0
2024-06-04 15:30:00+00:00,194.05499267578125,194.47000122070312,,,0
2024-06-04 16:30:00+00:00,194.47000122070312,194.80499267578125,,,0
2024-06-04 17:30:00+00:00,194.80999755859372,195.2350006103516,,,0
2024-06-04 18:30:00+00:00,195.22999572753903,194.5072021484375,,,0
2024-06-04 19:30:00+00:00,194.5050048828125,194.3650054931641,,,0
2024-06-05 13:30:00+00:00,195.4199981689453,195.375,,,0
2024-06-05 14:30:00+00:00,195.3800048828125,196.13999938964844,,,0
2024-06-05 15:30:00+00:00,196.13999938964844,195.9250030517578,,,0
2024-06-05 16:30:00+00:00,195.9199981689453,195.88519287109372,,,0
2024-06-05 17:30:00+00:00,195.8800048828125,196.2050018310547,,,0
2024-06-05 18:30:00+00:00,196.1999969482422,196.139892578125,,,0
2024-06-05 19:30:00+00:00,196.1300048828125,195.8999938964844,,,0
2024-06-06 13:30:00+00:00,195.68499755859372,195.9199981689453,,,0
2024-06-06 14:30:00+00:00,195.91000366210935,195.8350067138672,,,0
2024-06-06 15:30:00+00:00,195.8350067138672,195.6699981689453,,,0
2024-06-06 16:30:00+00:00,195.6768035888672,195.6479949951172,,,0
2024-06-06 17:30:00+00:00,195.6450042724609,195.54449462890625,,,0
2024-06-06 18:30:00+00:00,195.5399932861328,195.39300537109372,,,0
2024-06-06 19:30:00+00:00,195.3950042724609,194.47999572753903,,,0
2024-06-07 13:30:00+00:00,194.66000366210935,194.80999755859372,,,0
2024-06-07 14:30:00+00:00,194.80499267578125,195.6199951171875,,,0
2024-06-07 15:30:00+00:00,195.625,195.9550018310547,,,0
2024-06-07 16:30:00+00:00,195.9600067138672,196.3600006103516,,,0
2024-06-07 17:30:00+00:00,196.3600006103516,195.8699951171875,,,0
2024-06-07 18:30:00+00:00,195.8600006103516,196.4394989013672,,,0
2024-06-07 19:30:00+00:00,196.43499755859372,196.8999938964844,,,0
2024-06-10 13:30:00+00:00,197.1999969482422,195.6199951171875,,,0
2024-06-10 14:30:00+00:00,195.6217041015625,195.55419921875,,,0
2024-06-10 15:30:00+00:00,195.55999755859372,195.88839721679688,,,0
2024-06-10 16:30:00+00:00,195.88999938964844,195.4250030517578,,,0
2024-06-10 17:30:00+00:00,195.44000244140625,193.16000366210935,,,0
2024-06-10 18:30:00+00:00,193.1499938964844,192.96499633789065,,,0
2024-06-10 19:30:00+00:00,192.9600067138672,193.1300048828125,,,0
2024-06-11 13:30:00+00:00,193.66000366210935,200.8999938964844,,,0
2024-06-11 14:30:00+00:00,200.8925018310547,204.40989685058597,,,0
2024-06-11 15:30:00+00:00,204.3950042724609,204.2250061035156,,,0
2024-06-11 16:30:00+00:00,204.2476043701172,205.0399932861328,,,0
2024-06-11 17:30:00+00:00,205.02999877929688,205.0800018310547,,,0
2024-06-11 18:30:00+00:00,205.08999633789065,205.72999572753903,,,0
2024-06-11 19:30:00+00:00,205.72999572753903,207.13999938964844,,,0
2024-06-12 13:30:00+00:00,207.3600006103516,215.2350006103516,,,0
2024-06-12 14:30:00+00:00,215.22000122070312,217.58009338378903,,,0
2024-06-12 15:30:00+00:00,217.5800018310547,215.3500061035156,,,0
2024-06-12 16:30:00+00:00,215.33059692382807,216.92999267578125,,,0
2024-06-12 17:30:00+00:00,216.9275054931641,218.960205078125,,,0
2024-06-12 18:30:00+00:00,218.9501037597656,217.72999572753903,,,0
2024-06-12 19:30:00+00:00,217.7400054931641,213.1116943359375,,,0
2024-06-13 13:30:00+00:00,214.77999877929688,213.85020446777344,,,0
2024-06-13 14:30:00+00:00,213.8643035888672,213.44500732421875,,,0
2024-06-13 15:30:00+00:00,213.43589782714844,212.1000061035156,,,0
2024-06-13 16:30:00+00:00,212.1100006103516,213.6000061035156,,,0
2024-06-13 17:30:00+00:00,213.60499572753903,213.19000244140625,,,0
2024-06-13 18:30:00+00:00,213.1999969482422,214.33999633789065,,,0
2024-06-13 19:30:00+00:00,214.3300018310547,214.1300048828125,,,0
2024-06-14 13:30:00+00:00,213.80999755859372,213.38999938964844,,,0
2024-06-14 14:30:00+00:00,213.38999938964844,213.59500122070312,,,0
2024-06-14 15:30:00+00:00,213.59500122070312,211.75,,,0
2024-06-14 16:30:00+00:00,211.75,211.77999877929688,,,0
2024-06-14 17:30:00+00:00,211.77999877929688,212.2250061035156,,,0
2024-06-14 18:30:00+00:00,212.22950744628903,212.3800048828125,,,0
2024-06-14 19:30:00+00:00,212.375,212.5200042724609,,,0
2024-06-17 13:30:00+00:00,213.3000030517578,216.0914001464844,,,0
2024-06-17 14:30:00+00:00,216.08999633789065,216.3314971923828,,,0
2024-06-17 15:30:00+00:00,216.3300018310547,216.5399932861328,,,0
2024-06-17 16:30:00+00:00,216.5399932861328,217.82000732421875,,,0
2024-06-17 17:30:00+00:00,217.8300018310547,218.3500061035156,,,0
2024-06-17 18:30:00+00:00,218.3451995849609,218.15499877929688,,,0
2024-06-17 19:30:00+00:00,218.16000366210935,216.7100067138672,,,0
2024-06-18 13:30:00+00:00,217.6100006103516,215.30999755859372,,,0
2024-06-18 14:30:00+00:00,215.30999755859372,214.3600006103516,,,0
2024-06-18 15:30:00+00:00,214.35499572753903,213.22000122070312,,,0
2024-06-18 16:30:00+00:00,213.22000122070312,213.66000366210935,,,0
2024-06-18 17:30:00+00:00,213.66000366210935,213.72300720214844,,,0
2024-06-18 18:30:00+00:00,213.7250061035156,214.6499938964844,,,0
2024-06-18 19:30:00+00:00,214.6450042724609,214.3800048828125,,,0
2024-06-20 13:30:00+00:00,213.92999267578125,211.6385955810547,,,0
2024-06-20 14:30:00+00:00,211.6300048828125,209.53500366210935,,,0
2024-06-20 15:30:00+00:00,209.5399932861328,209.5249938964844,,,0
2024-06-20 16:30:00+00:00,209.52999877929688,209.3800048828125,,,0
2024-06-20 17:30:00+00:00,209.3699951171875,210.0399932861328,,,0
2024-06-20 18:30:00+00:00,210.0399932861328,209.67320251464844,,,0
2024-06-20 19:30:00+00:00,209.6750030517578,209.55999755859372,,,0
2024-06-21 13:30:00+00:00,210.38999938964844,210.82009887695312,,,0
2024-06-21 14:30:00+00:00,210.8300018310547,210.82000732421875,,,0
2024-06-21 15:30:00+00:00,210.82000732421875,211.1000061035156,,,0
2024-06-21 16:30:00+00:00,211.08999633789065,210.05999755859372,,,0
2024-06-21 17:30:00+00:00,210.05999755859372,210.84500122070312,,,0
2024-06-21 18:30:00+00:00,210.83999633789065,210.4199981689453,,,0
2024-06-21 19:30:00+00:00,210.4149932861328,207.1100006103516,,,0
2024-06-24 13:30:00+00:00,207.72000122070312,209.0050048828125,,,0
2024-06-24 14:30:00+00:00,209.0,212.3654937744141,,,0
2024-06-24 15:30:00+00:00,212.3800048828125,210.91000366210935,,,0
2024-06-24 16:30:00+00:00,210.91000366210935,210.0050048828125,,,0
2024-06-24 17:30:00+00:00,210.0,209.3699951171875,,,0
2024-06-24 18:30:00+00:00,209.3800048828125,208.85899353027344,,,0
2024-06-24 19:30:00+00:00,208.8500061035156,208.1499938964844,,,0
2024-06-25 13:30:00+00:00,209.0800018310547,209.7998962402344,,,0
2024-06-25 14:30:00+00:00,209.8000030517578,209.7100067138672,,,0
2024-06-25 15:30:00+00:00,209.72000122070312,210.03140258789065,,,0
2024-06-25 16:30:00+00:00,210.02999877929688,210.1150054931641,,,0
2024-06-25 17:30:00+00:00,210.1150054931641,210.66000366210935,,,0
2024-06-25 18:30:00+00:00,210.65890502929688,210.14010620117188,,,0
2024-06-25 19:30:00+00:00,210.13999938964844,209.0760040283203,,,0
2024-06-26 13:30:00+00:00,211.44000244140625,212.3600006103516,,,0
2024-06-26 14:30:00+00:00,212.3699951171875,213.2100067138672,,,0
2024-06-26 15:30:00+00:00,213.2100067138672,214.34500122070312,,,0
2024-06-26 16:30:00+00:00,214.34500122070312,213.55999755859372,,,0
2024-06-26 17:30:00+00:00,213.55169677734372,214.3500061035156,,,0
2024-06-26 18:30:00+00:00,214.34500122070312,213.26199340820312,,,0
2024-06-26 19:30:00+00:00,213.28990173339844,213.1199951171875,,,0
2024-06-27 13:30:00+00:00,214.6300048828125,213.80999755859372,,,0
2024-06-27 14:30:00+00:00,213.80999755859372,212.9705047607422,,,0
2024-06-27 15:30:00+00:00,212.97000122070312,213.85499572753903,,,0
2024-06-27 16:30:00+00:00,213.8513946533203,214.0,,,0
2024-06-27 17:30:00+00:00,213.99400329589844,213.4199981689453,,,0
2024-06-27 18:30:00+00:00,213.4199981689453,213.8289031982422,,,0
2024-06-27 19:30:00+00:00,213.8300018310547,214.1100006103516,,,0
2024-06-28 13:30:00+00:00,215.80499267578125,214.63999938964844,,,0
2024-06-28 14:30:00+00:00,214.63499450683597,214.33999633789065,,,0
2024-06-28 15:30:00+00:00,214.3300018310547,213.83999633789065,,,0
2024-06-28 16:30:00+00:00,213.8350067138672,213.83009338378903,,,0
2024-06-28 17:30:00+00:00,213.8500061035156,213.2100067138672,,,0
2024-06-28 18:30:00+00:00,213.2100067138672,213.05499267578125,,,0
2024-06-28 19:30:00+00:00,213.0500030517578,210.6100006103516,,,0
2024-07-01 13:30:00+00:00,212.1300048828125,215.22999572753903,,,0
2024-07-01 14:30:00+00:00,215.22000122070312,215.0133056640625,,,0
2024-07-01 15:30:00+00:00,215.00999450683597,216.5050048828125,,,0
2024-07-01 16:30:00+00:00,216.50999450683597,217.2543029785156,,,0
2024-07-01 17:30:00+00:00,217.25,215.93499755859372,,,0
2024-07-01 18:30:00+00:00,215.9199981689453,215.53500366210935,,,0
2024-07-01 19:30:00+00:00,215.53500366210935,216.72999572753903,,,0
2024-07-02 13:30:00+00:00,216.1499938964844,218.70989990234372,,,0
2024-07-02 14:30:00+00:00,218.7100067138672,219.51019287109372,,,0
2024-07-02 15:30:00+00:00,219.52999877929688,219.1649932861328,,,0
2024-07-02 16:30:00+00:00,219.1499938964844,219.3999938964844,,,0
2024-07-02 17:30:00+00:00,219.4001007080078,220.02999877929688,,,0
2024-07-02 18:30:00+00:00,220.02999877929688,219.6199951171875,,,0
2024-07-02 19:30:00+00:00,219.6100006103516,220.3699951171875,,,0
2024-07-03 13:30:00+00:00,220.42999267578125,219.3800048828125,,,0
2024-07-03 14:30:00+00:00,219.37989807128903,220.1150054931641,,,0
2024-07-03 15:30:00+00:00,220.1150054931641,221.3000030517578,,,0
2024-07-05 13:30:00+00:00,221.6499938964844,225.1708068847656,,,0
2024-07-05 14:30:00+00:00,225.1699981689453,224.72000122070312,,,0
2024-07-05 15:30:00+00:00,224.72000122070312,225.22000122070312,,,0
2024-07-05 16:30:00+00:00,225.22999572753903,225.3500061035156,,,0
2024-07-05 17:30:00+00:00,225.35499572753903,225.25,,,0
2024-07-05 18:30:00+00:00,225.25999450683597,225.4199981689453,,,0
2024-07-05 19:30:00+00:00,225.4199066162109,226.30999755859372,,,0
2024-07-08 13:30:00+00:00,227.08999633789065,225.1999969482422,,,0
2024-07-08 14:30:00+00:00,225.1997985839844,226.50999450683597,,,0
2024-07-08 15:30:00+00:00,226.52999877929688,226.5200042724609,,,0
2024-07-08 16:30:00+00:00,226.50999450683597,226.5998992919922,,,0
2024-07-08 17:30:00+00:00,226.5800018310547,227.3300018310547,,,0
2024-07-08 18:30:00+00:00,227.3300018310547,226.8249969482422,,,0
2024-07-08 19:30:00+00:00,226.80999755859372,227.8000030517578,,,0
2024-07-09 13:30:00+00:00,228.18499755859372,228.52999877929688,,,0
2024-07-09 14:30:00+00:00,228.5229034423828,227.9149932861328,,,0
2024-07-09 15:30:00+00:00,227.91009521484372,228.17999267578125,,,0
2024-07-09 16:30:00+00:00,228.1699981689453,228.00999450683597,,,0
2024-07-09 17:30:00+00:00,228.0,228.44000244140625,,,0
2024-07-09 18:30:00+00:00,228.4499969482422,228.3600006103516,,,0
2024-07-09 19:30:00+00:00,228.3500061035156,228.6999969482422,,,0
2024-07-10 13:30:00+00:00,229.44000244140625,231.1000061035156,,,0
2024-07-10 14:30:00+00:00,231.1100006103516,230.9949951171875,,,0
2024-07-10 15:30:00+00:00,231.0,232.19500732421875,,,0
2024-07-10 16:30:00+00:00,232.1999969482422,231.55999755859372,,,0
2024-07-10 17:30:00+00:00,231.57000732421875,232.1000061035156,,,0
2024-07-10 18:30:00+00:00,232.1000061035156,231.75999450683597,,,0
2024-07-10 19:30:00+00:00,231.75999450683597,232.91000366210935,,,0
2024-07-11 13:30:00+00:00,231.31170654296875,228.8999938964844,,,0
2024-07-11 14:30:00+00:00,228.8699951171875,226.6199951171875,,,0
2024-07-11 15:30:00+00:00,226.6199951171875,227.7657928466797,,,0
2024-07-11 16:30:00+00:00,227.75999450683597,227.97999572753903,,,0
2024-07-11 17:30:00+00:00,227.97000122070312,227.26499938964844,,,0
2024-07-11 18:30:00+00:00,227.25999450683597,227.7100067138672,,,0
2024-07-11 19:30:00+00:00,227.72000122070312,227.5500030517578,,,0
2024-07-12 13:30:00+00:00,229.0,230.8800048828125,,,0
2024-07-12 14:30:00+00:00,230.8800048828125,231.89990234375,,,0
2024-07-12 15:30:00+00:00,231.8999938964844,230.7100067138672,,,0
2024-07-12 16:30:00+00:00,230.7100067138672,231.90249633789065,,,0
2024-07-12 17:30:00+00:00,231.8999938964844,232.2700042724609,,,0
2024-07-12 18:30:00+00:00,232.26499938964844,231.85989379882807,,,0
2024-07-12 19:30:00+00:00,231.8600006103516,230.57000732421875,,,0
2024-07-15 13:30:00+00:00,236.5319976806641,234.79010009765625,,,0
2024-07-15 14:30:00+00:00,234.82000732421875,235.67999267578125,,,0
2024-07-15 15:30:00+00:00,235.57000732421875,235.30799865722656,,,0
2024-07-15 16:30:00+00:00,235.32000732421875,234.69000244140625,,,0
2024-07-15 17:30:00+00:00,234.6595001220703,234.2050018310547,,,0
2024-07-15 18:30:00+00:00,234.2100067138672,234.5800018310547,,,0
2024-07-15 19:30:00+00:00,234.5800018310547,234.4199981689453,,,0
2024-07-16 13:30:00+00:00,235.2050018310547,233.8300018310547,,,0
2024-07-16 14:30:00+00:00,233.8300018310547,234.16000366210935,,,0
2024-07-16 15:30:00+00:00,234.16000366210935,232.94790649414065,,,0
2024-07-16 16:30:00+00:00,232.9250030517578,233.5449981689453,,,0
2024-07-16 17:30:00+00:00,233.5399932861328,234.38999938964844,,,0
2024-07-16 18:30:00+00:00,234.3995056152344,234.55990600585935,,,0
2024-07-16 19:30:00+00:00,234.5500030517578,234.80999755859372,,,0
2024-07-17 13:30:00+00:00,230.1300048828125,227.82000732421875,,,0
2024-07-17 14:30:00+00:00,227.8000030517578,228.6199951171875,,,0
2024-07-17 15:30:00+00:00,228.6300048828125,228.4949951171875,,,0
2024-07-17 16:30:00+00:00,228.4850006103516,228.6999969482422,,,0
2024-07-17 17:30:00+00:00,228.67999267578125,229.51910400390625,,,0
2024-07-17 18:30:00+00:00,229.51800537109372,229.13999938964844,,,0
2024-07-17 19:30:00+00:00,229.13999938964844,228.88499450683597,,,0
2024-07-18 13:30:00+00:00,230.34500122070312,227.88999938964844,,,0
2024-07-18 14:30:00+00:00,227.8699951171875,222.9900054931641,,,0
2024-07-18 15:30:00+00:00,222.97999572753903,223.3500061035156,,,0
2024-07-18 16:30:00+00:00,223.3500061035156,224.55999755859372,,,0
2024-07-18 17:30:00+00:00,224.5500030517578,224.60009765625,,,0
2024-07-18 18:30:00+00:00,224.5800018310547,224.1300048828125,,,0
2024-07-18 19:30:00+00:00,224.1199951171875,224.19000244140625,,,0
2024-07-19 13:30:00+00:00,224.8520050048828,225.0142059326172,,,0
2024-07-19 14:30:00+00:00,225.05999755859372,223.9600067138672,,,0
2024-07-19 15:30:00+00:00,223.9600067138672,223.94500732421875,,,0
2024-07-19 16:30:00+00:00,223.94000244140625,224.4600067138672,,,0
2024-07-19 17:30:00+00:00,224.42999267578125,224.44000244140625,,,0
2024-07-19 18:30:00+00:00,224.4600067138672,225.00999450683597,,,0
2024-07-19 19:30:00+00:00,225.0,224.3800048828125,,,0
2024-07-22 13:30:00+00:00,227.2700042724609,226.8000030517578,,,0
2024-07-22 14:30:00+00:00,226.80499267578125,223.82989501953125,,,0
2024-07-22 15:30:00+00:00,223.77999877929688,223.8350067138672,,,0
2024-07-22 16:30:00+00:00,223.8300018310547,224.38999938964844,,,0
2024-07-22 17:30:00+00:00,224.3699951171875,225.0500030517578,,,0
2024-07-22 18:30:00+00:00,225.05999755859372,224.67999267578125,,,0
2024-07-22 19:30:00+00:00,224.67999267578125,223.92999267578125,,,0
2024-07-23 13:30:00+00:00,224.3999938964844,224.625,,,0
2024-07-23 14:30:00+00:00,224.63999938964844,226.60890197753903,,,0
2024-07-23 15:30:00+00:00,226.6150054931641,225.639892578125,,,0
2024-07-23 16:30:00+00:00,225.6300048828125,224.72000122070312,,,0
2024-07-23 17:30:00+00:00,224.7100067138672,224.5399932861328,,,0
2024-07-23 18:30:00+00:00,224.5724029541016,225.07470703125,,,0
2024-07-23 19:30:00+00:00,225.05999755859372,225.00999450683597,,,0
2024-07-24 13:30:00+00:00,224.0,220.88999938964844,,,0
2024-07-24 14:30:00+00:00,220.8999938964844,218.6750030517578,,,0
2024-07-24 15:30:00+00:00,218.6699981689453,217.90499877929688,,,0
2024-07-24 16:30:00+00:00,217.90989685058597,218.0258026123047,,,0
2024-07-24 17:30:00+00:00,218.0200042724609,218.16000366210935,,,0
2024-07-24 18:30:00+00:00,218.16000366210935,217.88999938964844,,,0
2024-07-24 19:30:00+00:00,217.8800048828125,218.57000732421875,,,0
2024-07-25 13:30:00+00:00,219.48989868164065,215.80999755859372,,,0
2024-07-25 14:30:00+00:00,215.82000732421875,218.67999267578125,,,0
2024-07-25 15:30:00+00:00,218.6840057373047,220.19200134277344,,,0
2024-07-25 16:30:00+00:00,220.1999969482422,219.4199981689453,,,0
2024-07-25 17:30:00+00:00,219.42999267578125,219.8800048828125,,,0
2024-07-25 18:30:00+00:00,219.8600006103516,220.125,,,0
2024-07-25 19:30:00+00:00,220.1000061035156,217.4900054931641,,,0
2024-07-26 13:30:00+00:00,218.8500061035156,217.3999938964844,,,0
2024-07-26 14:30:00+00:00,217.3950042724609,217.9553985595703,,,0
2024-07-26 15:30:00+00:00,217.9550018310547,218.69119262695312,,,0
2024-07-26 16:30:00+00:00,218.7100067138672,219.30450439453125,,,0
2024-07-26 17:30:00+00:00,219.30499267578125,218.1499938964844,,,0
2024-07-26 18:30:00+00:00,218.16000366210935,218.60499572753903,,,0
2024-07-26 19:30:00+00:00,218.6199951171875,218.1199951171875,,,0
2024-07-29 13:30:00+00:00,216.67999267578125,217.72999572753903,,,0
2024-07-29 14:30:00+00:00,217.75,217.13999938964844,,,0
2024-07-29 15:30:00+00:00,217.1100006103516,218.5449981689453,,,0
2024-07-29 16:30:00+00:00,218.5500030517578,218.6999969482422,,,0
2024-07-29 17:30:00+00:00,218.6999969482422,218.3500061035156,,,0
2024-07-29 18:30:00+00:00,218.33999633789065,218.58999633789065,,,0
2024-07-29 19:30:00+00:00,218.58999633789065,218.2100067138672,,,0
2024-07-30 13:30:00+00:00,219.0399932861328,219.07000732421875,,,0
2024-07-30 14:30:00+00:00,219.07000732421875,217.2899932861328,,,0
2024-07-30 15:30:00+00:00,217.27999877929688,216.97999572753903,,,0
2024-07-30 16:30:00+00:00,216.9600067138672,217.25,,,0
2024-07-30 17:30:00+00:00,217.2400054931641,218.28500366210935,,,0
2024-07-30 18:30:00+00:00,218.27999877929688,218.6300048828125,,,0
2024-07-30 19:30:00+00:00,218.63999938964844,218.7899932861328,,,0
2024-07-31 13:30:00+00:00,221.52999877929688,222.8300018310547,,,0
2024-07-31 14:30:00+00:00,222.83999633789065,223.15499877929688,,,0
2024-07-31 15:30:00+00:00,223.15499877929688,222.3699951171875,,,0
2024-07-31 16:30:00+00:00,222.38360595703125,222.6000061035156,,,0
2024-07-31 17:30:00+00:00,222.59500122070312,222.92999267578125,,,0
2024-07-31 18:30:00+00:00,222.94000244140625,221.610107421875,,,0
2024-07-31 19:30:00+00:00,221.63999938964844,221.9900054931641,,,0
2024-08-01 13:30:00+00:00,224.3699951171875,221.27999877929688,,,0
2024-08-01 14:30:00+00:00,221.2796936035156,220.5399932861328,,,0
2024-08-01 15:30:00+00:00,220.55999755859372,219.32000732421875,,,0
2024-08-01 16:30:00+00:00,219.33999633789065,218.1499938964844,,,0
2024-08-01 17:30:00+00:00,218.16000366210935,217.7899932861328,,,0
2024-08-01 18:30:00+00:00,217.7949981689453,218.05499267578125,,,0
2024-08-01 19:30:00+00:00,218.0500030517578,218.27999877929688,,,0
2024-08-02 13:30:00+00:00,220.28939819335935,222.65499877929688,,,0
2024-08-02 14:30:00+00:00,222.6300048828125,222.8300018310547,,,0
2024-08-02 15:30:00+00:00,222.8600006103516,224.6199951171875,,,0
2024-08-02 16:30:00+00:00,224.6150054931641,224.63999938964844,,,0
2024-08-02 17:30:00+00:00,224.6300048828125,223.43499755859372,,,0
2024-08-02 18:30:00+00:00,223.4199981689453,222.6199951171875,,,0
2024-08-02 19:30:00+00:00,222.6300048828125,219.8000030517578,,,0
2024-08-05 13:30:00+00:00,199.0,207.97869873046875,,,0
2024-08-05 14:30:00+00:00,207.94070434570312,211.1699981689453,,,0
2024-08-05 15:30:00+00:00,211.1999969482422,212.6150054931641,,,0
2024-08-05 16:30:00+00:00,212.6199951171875,210.80999755859372,,,0
2024-08-05 17:30:00+00:00,210.7899932861328,210.6100006103516,,,0
2024-08-05 18:30:00+00:00,210.56300354003903,206.42999267578125,,,0
2024-08-05 19:30:00+00:00,206.42999267578125,209.19000244140625,,,0
2024-08-06 13:30:00+00:00,205.38999938964844,204.89010620117188,,,0
2024-08-06 14:30:00+00:00,204.97999572753903,206.1100006103516,,,0
2024-08-06 15:30:00+00:00,206.1204071044922,208.6309967041016,,,0
2024-08-06 16:30:00+00:00,208.6699981689453,208.9900054931641,,,0
2024-08-06 17:30:00+00:00,209.00999450683597,209.44639587402344,,,0
2024-08-06 18:30:00+00:00,209.4499969482422,208.5050048828125,,,0
2024-08-06 19:30:00+00:00,208.5050048828125,207.125,,,0
2024-08-07 13:30:00+00:00,206.88999938964844,211.6999969482422,,,0
2024-08-07 14:30:00+00:00,211.69000244140625,213.16000366210935,,,0
2024-08-07 15:30:00+00:00,213.12399291992188,212.5850067138672,,,0
2024-08-07 16:30:00+00:00,212.5997009277344,211.0399932861328,,,0
2024-08-07 17:30:00+00:00,211.0399932861328,211.05999755859372,,,0
2024-08-07 18:30:00+00:00,211.0200042724609,210.5200958251953,,,0
2024-08-07 19:30:00+00:00,210.5500030517578,209.8600006103516,,,0
2024-08-08 13:30:00+00:00,213.09500122070312,212.55999755859372,,,0
2024-08-08 14:30:00+00:00,212.5800018310547,212.2100067138672,,,0
2024-08-08 15:30:00+00:00,212.2100067138672,213.25,,,0
2024-08-08 16:30:00+00:00,213.26499938964844,213.8975982666016,,,0
2024-08-08 17:30:00+00:00,213.8999938964844,212.97999572753903,,,0
2024-08-08 18:30:00+00:00,212.9958953857422,212.13009643554688,,,0
2024-08-08 19:30:00+00:00,212.13999938964844,213.33999633789065,,,0
2024-08-09 13:30:00+00:00,212.0800018310547,214.6999969482422,,,0
2024-08-09 14:30:00+00:00,214.7100067138672,215.13499450683597,,,0
2024-08-09 15:30:00+00:00,215.1199951171875,214.5301055908203,,,0
2024-08-09 16:30:00+00:00,214.52999877929688,216.53500366210935,,,0
2024-08-09 17:30:00+00:00,216.5399932861328,215.27999877929688,,,0
2024-08-09 18:30:00+00:00,215.2749938964844,216.28500366210935,,,0
2024-08-09 19:30:00+00:00,216.25999450683597,216.3000030517578,,,0
2024-08-12 13:30:00+00:00,216.0,218.4499969482422,,,0
2024-08-12 14:30:00+00:00,218.44000244140625,217.80999755859372,,,0
2024-08-12 15:30:00+00:00,217.7947998046875,217.97999572753903,,,0
2024-08-12 16:30:00+00:00,217.97000122070312,217.2476959228516,,,0
2024-08-12 17:30:00+00:00,217.25,216.7449951171875,,,0
2024-08-12 18:30:00+00:00,216.6999969482422,217.02999877929688,,,0
2024-08-12 19:30:00+00:00,217.0399932861328,217.5500030517578,,,0
2024-08-13 13:30:00+00:00,219.10499572753903,221.0,,,0
2024-08-13 14:30:00+00:00,220.9949951171875,221.05499267578125,,,0
2024-08-13 15:30:00+00:00,221.0500030517578,221.11050415039065,,,0
2024-08-13 16:30:00+00:00,221.08999633789065,221.69000244140625,,,0
2024-08-13 17:30:00+00:00,221.69000244140625,221.21800231933597,,,0
2024-08-13 18:30:00+00:00,221.24609375,220.66000366210935,,,0
2024-08-13 19:30:00+00:00,220.6699981689453,221.2700042724609,,,0
2024-08-14 13:30:00+00:00,220.56500244140625,221.1103973388672,,,0
2024-08-14 14:30:00+00:00,221.1100006103516,222.55870056152344,,,0
2024-08-14 15:30:00+00:00,222.5500030517578,221.30499267578125,,,0
2024-08-14 16:30:00+00:00,221.32000732421875,221.1750030517578,,,0
2024-08-14 17:30:00+00:00,221.16000366210935,221.5399932861328,,,0
2024-08-14 18:30:00+00:00,221.52999877929688,221.16000366210935,,,0
2024-08-14 19:30:00+00:00,221.16000366210935,221.6199951171875,,,0
2024-08-15 13:30:00+00:00,224.5500030517578,224.7899932861328,,,0
2024-08-15 14:30:00+00:00,224.77999877929688,224.0050048828125,,,0
2024-08-15 15:30:00+00:00,224.00999450683597,224.9949951171875,,,0
2024-08-15 16:30:00+00:00,225.0,224.5449981689453,,,0
2024-08-15 17:30:00+00:00,224.55999755859372,225.07000732421875,,,0
2024-08-15 18:30:00+00:00,225.05999755859372,225.05999755859372,,,0
2024-08-15 19:30:00+00:00,225.05499267578125,224.7100067138672,,,0
2024-08-16 13:30:00+00:00,223.9199981689453,224.38999938964844,,,0
2024-08-16 14:30:00+00:00,224.3800048828125,224.91000366210935,,,0
2024-08-16 15:30:00+00:00,224.91000366210935,226.33999633789065,,,0
2024-08-16 16:30:00+00:00,226.3500061035156,226.5500030517578,,,0
2024-08-16 17:30:00+00:00,226.5500030517578,225.9900054931641,,,0
2024-08-16 18:30:00+00:00,225.9850006103516,225.9600067138672,,,0
2024-08-16 19:30:00+00:00,225.9604949951172,226.1000061035156,,,0
2024-08-19 13:30:00+00:00,225.69500732421875,224.16000366210935,,,0
2024-08-19 14:30:00+00:00,224.16000366210935,224.43020629882807,,,0
2024-08-19 15:30:00+00:00,224.42759704589844,224.4250030517578,,,0
2024-08-19 16:30:00+00:00,224.41000366210935,224.0249938964844,,,0
2024-08-19 17:30:00+00:00,224.02999877929688,224.63999938964844,,,0
2024-08-19 18:30:00+00:00,224.6450042724609,224.92999267578125,,,0
2024-08-19 19:30:00+00:00,224.9250030517578,225.8999938964844,,,0
2024-08-20 13:30:00+00:00,225.7700042724609,226.66000366210935,,,0
2024-08-20 14:30:00+00:00,226.67999267578125,226.2100067138672,,,0
2024-08-20 15:30:00+00:00,226.2050018310547,226.8999938964844,,,0
2024-08-20 16:30:00+00:00,226.8950042724609,226.7100067138672,,,0
2024-08-20 17:30:00+00:00,226.6999969482422,227.01499938964844,,,0
2024-08-20 18:30:00+00:00,227.02999877929688,226.4850006103516,,,0
2024-08-20 19:30:00+00:00,226.47999572753903,226.4900054931641,,,0
2024-08-21 13:30:00+00:00,226.4900054931641,227.2250061035156,,,0
2024-08-21 14:30:00+00:00,227.22999572753903,226.4900054931641,,,0
2024-08-21 15:30:00+00:00,226.49989318847656,226.2400054931641,,,0
2024-08-21 16:30:00+00:00,226.25,226.00010681152344,,,0
2024-08-21 17:30:00+00:00,226.00999450683597,226.4499969482422,,,0
2024-08-21 18:30:00+00:00,226.4499969482422,225.7700042724609,,,0
2024-08-21 19:30:00+00:00,225.77999877929688,226.3999938964844,,,0
2024-08-22 13:30:00+00:00,227.6000061035156,226.7700042724609,,,0
2024-08-22 14:30:00+00:00,226.75999450683597,226.17999267578125,,,0
2024-08-22 15:30:00+00:00,226.13999938964844,226.42999267578125,,,0
2024-08-22 16:30:00+00:00,226.43499755859372,225.6450042724609,,,0
2024-08-22 17:30:00+00:00,225.6300048828125,224.85989379882807,,,0
2024-08-22 18:30:00+00:00,224.8600006103516,224.32000732421875,,,0
2024-08-22 19:30:00+00:00,224.33999633789065,224.52999877929688,,,0
2024-08-23 13:30:00+00:00,225.65890502929688,227.9750061035156,,,0
2024-08-23 14:30:00+00:00,227.9900054931641,225.9499969482422,,,0
2024-08-23 15:30:00+00:00,225.968505859375,225.1150054931641,,,0
2024-08-23 16:30:00+00:00,225.1100006103516,225.96499633789065,,,0
2024-08-23 17:30:00+00:00,225.97000122070312,226.45269775390625,,,0
2024-08-23 18:30:00+00:00,226.4550018310547,227.05999755859372,,,0
2024-08-23 19:30:00+00:00,227.06500244140625,226.7736053466797,,,0
2024-08-26 13:30:00+00:00,227.2100067138672,224.9499969482422,,,0
2024-08-26 14:30:00+00:00,224.9199981689453,225.07000732421875,,,0
2024-08-26 15:30:00+00:00,225.05999755859372,225.8105010986328,,,0
2024-08-26 16:30:00+00:00,225.81100463867188,226.1199951171875,,,0
2024-08-26 17:30:00+00:00,226.1300048828125,225.8699951171875,,,0
2024-08-26 18:30:00+00:00,225.8600006103516,226.4300994873047,,,0
2024-08-26 19:30:00+00:00,226.42999267578125,227.25999450683597,,,0
2024-08-27 13:30:00+00:00,226.2100982666016,227.97000122070312,,,0
2024-08-27 14:30:00+00:00,227.9600067138672,228.6300048828125,,,0
2024-08-27 15:30:00+00:00,228.57000732421875,227.94000244140625,,,0
2024-08-27 16:30:00+00:00,227.92999267578125,228.4900054931641,,,0
2024-08-27 17:30:00+00:00,228.5,228.4832000732422,,,0
2024-08-27 18:30:00+00:00,228.47999572753903,228.1499938964844,,,0
2024-08-27 19:30:00+00:00,228.1499938964844,228.13999938964844,,,0
2024-08-28 13:30:00+00:00,228.0500030517578,229.63999938964844,,,0
2024-08-28 14:30:00+00:00,229.6300048828125,226.80999755859372,,,0
2024-08-28 15:30:00+00:00,226.8000030517578,227.02999877929688,,,0
2024-08-28 16:30:00+00:00,227.0200042724609,227.47000122070312,,,0
2024-08-28 17:30:00+00:00,227.47000122070312,226.0800018310547,,,0
2024-08-28 18:30:00+00:00,226.0800018310547,227.4600067138672,,,0
2024-08-28 19:30:00+00:00,227.4499969482422,226.4900054931641,,,0
2024-08-29 13:30:00+00:00,230.27999877929688,231.4199981689453,,,0
2024-08-29 14:30:00+00:00,231.42999267578125,232.4499969482422,,,0
2024-08-29 15:30:00+00:00,232.44760131835935,232.4499969482422,,,0
2024-08-29 16:30:00+00:00,232.4499969482422,232.1300048828125,,,0
2024-08-29 17:30:00+00:00,232.13999938964844,230.83599853515625,,,0
2024-08-29 18:30:00+00:00,230.8300018310547,230.13999938964844,,,0
2024-08-29 19:30:00+00:00,230.1699981689453,229.80999755859372,,,0
2024-08-30 13:30:00+00:00,230.0,229.19500732421875,,,0
2024-08-30 14:30:00+00:00,229.1999969482422,228.2449951171875,,,0
2024-08-30 15:30:00+00:00,228.22000122070312,228.02999877929688,,,0
2024-08-30 16:30:00+00:00,228.02020263671875,228.1499938964844,,,0
2024-08-30 17:30:00+00:00,228.13499450683597,227.9900054931641,,,0
2024-08-30 18:30:00+00:00,228.0,229.0399932861328,,,0
2024-08-30 19:30:00+00:00,229.0399932861328,228.8600006103516,,,0
2024-09-03 13:30:00+00:00,228.23849487304688,225.30999755859372,,,0
2024-09-03 14:30:00+00:00,225.30499267578125,223.85499572753903,,,0
2024-09-03 15:30:00+00:00,223.8600006103516,223.88999938964844,,,0
2024-09-03 16:30:00+00:00,223.8800048828125,223.8314971923828,,,0
2024-09-03 17:30:00+00:00,223.8251953125,222.1300048828125,,,0
2024-09-03 18:30:00+00:00,222.1199951171875,222.4499969482422,,,0
2024-09-03 19:30:00+00:00,222.44000244140625,222.75,,,0
2024-09-04 13:30:00+00:00,221.4499969482422,218.63499450683597,,,0
2024-09-04 14:30:00+00:00,218.6300048828125,218.6800994873047,,,0
2024-09-04 15:30:00+00:00,218.69500732421875,219.92999267578125,,,0
2024-09-04 16:30:00+00:00,219.9199981689453,220.1199951171875,,,0
2024-09-04 17:30:00+00:00,220.10459899902344,220.91000366210935,,,0
2024-09-04 18:30:00+00:00,220.8999938964844,220.5500030517578,,,0
2024-09-04 19:30:00+00:00,220.5500030517578,220.7899932861328,,,0
2024-09-05 13:30:00+00:00,221.5200042724609,225.05999755859372,,,0
2024-09-05 14:30:00+00:00,225.0800018310547,222.47999572753903,,,0
2024-09-05 15:30:00+00:00,222.4600067138672,222.79519653320312,,,0
2024-09-05 16:30:00+00:00,222.7899932861328,222.38999938964844,,,0
2024-09-05 17:30:00+00:00,222.397705078125,223.33059692382807,,,0
2024-09-05 18:30:00+00:00,223.33999633789065,222.8300018310547,,,0
2024-09-05 19:30:00+00:00,222.82000732421875,222.3999938964844,,,0
2024-09-06 13:30:00+00:00,223.8999938964844,222.69000244140625,,,0
2024-09-06 14:30:00+00:00,222.6699981689453,221.25,,,0
2024-09-06 15:30:00+00:00,221.25,220.68569946289065,,,0
2024-09-06 16:30:00+00:00,220.6999969482422,220.97999572753903,,,0
2024-09-06 17:30:00+00:00,220.9499969482422,220.18780517578125,,,0
2024-09-06 18:30:00+00:00,220.19000244140625,221.05999755859372,,,0
2024-09-06 19:30:00+00:00,221.0625,220.91000366210935,,,0
2024-09-09 13:30:00+00:00,220.8999938964844,218.875,,,0
2024-09-09 14:30:00+00:00,218.8800048828125,218.9600067138672,,,0
2024-09-09 15:30:00+00:00,218.97999572753903,220.2039031982422,,,0
2024-09-09 16:30:00+00:00,220.2126007080078,220.83999633789065,,,0
2024-09-09 17:30:00+00:00,220.83799743652344,217.1699981689453,,,0
2024-09-09 18:30:00+00:00,217.13999938964844,219.25999450683597,,,0
2024-09-09 19:30:00+00:00,219.2700042724609,220.9900054931641,,,0
2024-09-10 13:30:00+00:00,218.88499450683597,219.77999877929688,,,0
2024-09-10 14:30:00+00:00,219.76499938964844,219.9499969482422,,,0
2024-09-10 15:30:00+00:00,219.9499969482422,218.5399932861328,,,0
2024-09-10 16:30:00+00:00,218.5301055908203,220.2700042724609,,,0
2024-09-10 17:30:00+00:00,220.2700042724609,220.80999755859372,,,0
2024-09-10 18:30:00+00:00,220.8300018310547,220.75,,,0
2024-09-10 19:30:00+00:00,220.7449951171875,220.1699981689453,,,0
2024-09-11 13:30:00+00:00,221.4250030517578,219.25,,,0
2024-09-11 14:30:00+00:00,219.2400054931641,218.8999938964844,,,0
2024-09-11 15:30:00+00:00,218.8999938964844,220.835205078125,,,0
2024-09-11 16:30:00+00:00,220.8600006103516,221.32000732421875,,,0
2024-09-11 17:30:00+00:00,221.25999450683597,221.6199951171875,,,0
2024-09-11 18:30:00+00:00,221.6499938964844,221.97000122070312,,,0
2024-09-11 19:30:00+00:00,221.9550018310547,222.8600006103516,,,0
2024-09-12 13:30:00+00:00,221.67999267578125,222.07000732421875,,,0
2024-09-12 14:30:00+00:00,222.0711975097656,221.8999938964844,,,0
2024-09-12 15:30:00+00:00,221.8999938964844,221.92999267578125,,,0
2024-09-12 16:30:00+00:00,221.9499969482422,222.6199951171875,,,0
2024-09-12 17:30:00+00:00,222.6000061035156,223.14010620117188,,,0
2024-09-12 18:30:00+00:00,223.13999938964844,222.94000244140625,,,0
2024-09-12 19:30:00+00:00,222.92999267578125,222.8699951171875,,,0
2024-09-13 13:30:00+00:00,223.59500122070312,222.3699951171875,,,0
2024-09-13 14:30:00+00:00,222.3500061035156,223.5449981689453,,,0
2024-09-13 15:30:00+00:00,223.5449981689453,223.3101043701172,,,0
2024-09-13 16:30:00+00:00,223.32000732421875,223.58380126953125,,,0
2024-09-13 17:30:00+00:00,223.5800018310547,223.0,,,0
2024-09-13 18:30:00+00:00,222.9949951171875,222.53399658203125,,,0
2024-09-13 19:30:00+00:00,222.5399932861328,222.4600067138672,,,0
2024-09-16 13:30:00+00:00,216.5500030517578,216.66000366210935,,,0
2024-09-16 14:30:00+00:00,216.64010620117188,216.55650329589844,,,0
2024-09-16 15:30:00+00:00,216.5500030517578,215.3999938964844,,,0
2024-09-16 16:30:00+00:00,215.38999938964844,215.96499633789065,,,0
2024-09-16 17:30:00+00:00,215.9600067138672,216.42999267578125,,,0
2024-09-16 18:30:00+00:00,216.4250030517578,216.2250061035156,,,0
2024-09-16 19:30:00+00:00,216.3000030517578,216.3000030517578,,,0
2024-09-17 13:30:00+00:00,215.75,216.4199981689453,,,0
2024-09-17 14:30:00+00:00,216.3999938964844,216.2050018310547,,,0
2024-09-17 15:30:00+00:00,216.2100067138672,215.75999450683597,,,0
2024-09-17 16:30:00+00:00,215.7700042724609,216.1699981689453,,,0
2024-09-17 17:30:00+00:00,216.16000366210935,216.1499938964844,,,0
2024-09-17 18:30:00+00:00,216.13999938964844,216.6100006103516,,,0
2024-09-17 19:30:00+00:00,216.6000061035156,216.8500061035156,,,0
2024-09-18 13:30:00+00:00,217.58999633789065,220.7350006103516,,,0
2024-09-18 14:30:00+00:00,220.7301025390625,220.6300048828125,,,0
2024-09-18 15:30:00+00:00,220.63999938964844,220.80999755859372,,,0
2024-09-18 16:30:00+00:00,220.8000030517578,221.2100982666016,,,0
2024-09-18 17:30:00+00:00,221.22000122070312,221.4073028564453,,,0
2024-09-18 18:30:00+00:00,221.4958953857422,221.5,,,0
2024-09-18 19:30:00+00:00,221.5399932861328,220.69000244140625,,,0
2024-09-19 13:30:00+00:00,224.94000244140625,229.4949951171875,,,0
2024-09-19 14:30:00+00:00,229.60499572753903,228.4900054931641,,,0
2024-09-19 15:30:00+00:00,228.48460388183597,228.9949951171875,,,0
2024-09-19 16:30:00+00:00,228.9900054931641,229.17010498046875,,,0
2024-09-19 17:30:00+00:00,229.20689392089844,228.8699951171875,,,0
2024-09-19 18:30:00+00:00,228.8699951171875,229.4671936035156,,,0
2024-09-19 19:30:00+00:00,229.4600067138672,228.82000732421875,,,0
2024-09-20 13:30:00+00:00,229.97000122070312,230.0345001220703,,,0
2024-09-20 14:30:00+00:00,230.02999877929688,229.7700042724609,,,0
2024-09-20 15:30:00+00:00,229.75999450683597,231.72999572753903,,,0
2024-09-20 16:30:00+00:00,231.72000122070312,230.75,,,0
2024-09-20 17:30:00+00:00,230.7400054931641,229.77720642089844,,,0
2024-09-20 18:30:00+00:00,229.7700042724609,231.9750061035156,,,0
2024-09-20 19:30:00+00:00,231.9750061035156,228.52999877929688,,,0
2024-09-23 13:30:00+00:00,227.33999633789065,228.00999450683597,,,0
2024-09-23 14:30:00+00:00,228.00999450683597,228.6533966064453,,,0
2024-09-23 15:30:00+00:00,228.66000366210935,226.94000244140625,,,0
2024-09-23 16:30:00+00:00,226.94000244140625,226.7400054931641,,,0
2024-09-23 17:30:00+00:00,226.74899291992188,226.67999267578125,,,0
2024-09-23 18:30:00+00:00,226.69000244140625,226.2899932861328,,,0
2024-09-23 19:30:00+00:00,226.27999877929688,226.4499969482422,,,0
2024-09-24 13:30:00+00:00,229.17999267578125,226.07000732421875,,,0
2024-09-24 14:30:00+00:00,226.07000732421875,227.01210021972656,,,0
2024-09-24 15:30:00+00:00,227.0200042724609,227.5500030517578,,,0
2024-09-24 16:30:00+00:00,227.5399932861328,227.2400054931641,,,0
2024-09-24 17:30:00+00:00,227.24220275878903,226.8791046142578,,,0
2024-09-24 18:30:00+00:00,226.8699951171875,227.0260009765625,,,0
2024-09-24 19:30:00+00:00,227.0399932861328,227.3600006103516,,,0
2024-09-25 13:30:00+00:00,224.92999267578125,226.38499450683597,,,0
2024-09-25 14:30:00+00:00,226.3699951171875,225.4499969482422,,,0
2024-09-25 15:30:00+00:00,225.3999938964844,225.8701019287109,,,0
2024-09-25 16:30:00+00:00,225.8600006103516,225.3600006103516,,,0
2024-09-25 17:30:00+00:00,225.3500061035156,224.8999938964844,,,0
2024-09-25 18:30:00+00:00,224.88999938964844,225.2599029541016,,,0
2024-09-25 19:30:00+00:00,225.25,226.30999755859372,,,0
2024-09-26 13:30:00+00:00,227.3000030517578,226.8999938964844,,,0
2024-09-26 14:30:00+00:00,226.91000366210935,227.3896942138672,,,0
2024-09-26 15:30:00+00:00,227.38650512695312,227.30999755859372,,,0
2024-09-26 16:30:00+00:00,227.31500244140625,227.15499877929688,,,0
2024-09-26 17:30:00+00:00,227.15499877929688,227.7050018310547,,,0
2024-09-26 18:30:00+00:00,227.7100067138672,227.5749969482422,,,0
2024-09-26 19:30:00+00:00,227.5800018310547,227.6199951171875,,,0
2024-09-27 13:30:00+00:00,228.42999267578125,228.95089721679688,,,0
2024-09-27 14:30:00+00:00,228.93960571289065,228.1300048828125,,,0
2024-09-27 15:30:00+00:00,228.1199951171875,228.1499938964844,,,0
2024-09-27 16:30:00+00:00,228.13999938964844,227.9949951171875,,,0
2024-09-27 17:30:00+00:00,227.9900054931641,227.8950042724609,,,0
2024-09-27 18:30:00+00:00,227.8999938964844,227.80999755859372,,,0
2024-09-27 19:30:00+00:00,227.82000732421875,227.82000732421875,,,0
2024-09-30 13:30:00+00:00,230.15499877929688,230.97999572753903,,,0
2024-09-30 14:30:00+00:00,230.97000122070312,231.8999938964844,,,0
2024-09-30 15:30:00+00:00,232.0200042724609,232.1199951171875,,,0
2024-09-30 16:30:00+00:00,232.1199951171875,231.6450042724609,,,0
2024-09-30 17:30:00+00:00,231.6499938964844,231.00999450683597,,,0
2024-09-30 18:30:00+00:00,231.0,231.22000122070312,,,0
2024-09-30 19:30:00+00:00,231.2050018310547,233.0,,,0
2024-10-01 13:30:00+00:00,229.5500030517578,224.9600067138672,,,0
2024-10-01 14:30:00+00:00,224.97999572753903,225.4750061035156,,,0
2024-10-01 15:30:00+00:00,225.47000122070312,225.31300354003903,,,0
2024-10-01 16:30:00+00:00,225.3000030517578,223.92999267578125,,,0
2024-10-01 17:30:00+00:00,223.92999267578125,225.4600067138672,,,0
2024-10-01 18:30:00+00:00,225.44000244140625,226.1501007080078,,,0
2024-10-01 19:30:00+00:00,226.1499938964844,226.25999450683597,,,0
2024-10-02 13:30:00+00:00,225.6999969482422,225.4199981689453,,,0
2024-10-02 14:30:00+00:00,225.3999938964844,226.2050018310547,,,0
2024-10-02 15:30:00+00:00,226.22000122070312,226.95199584960935,,,0
2024-10-02 16:30:00+00:00,226.9499969482422,226.95989990234372,,,0
2024-10-02 17:30:00+00:00,226.94000244140625,226.82000732421875,,,0
2024-10-02 18:30:00+00:00,226.8000030517578,227.2400054931641,,,0
2024-10-02 19:30:00+00:00,227.2250061035156,226.80999755859372,,,0
2024-10-03 13:30:00+00:00,225.2400054931641,224.8350067138672,,,0
2024-10-03 14:30:00+00:00,224.80999755859372,224.87420654296875,,,0
2024-10-03 15:30:00+00:00,224.88839721679688,225.0711975097656,,,0
2024-10-03 16:30:00+00:00,225.08999633789065,223.8350067138672,,,0
2024-10-03 17:30:00+00:00,223.83999633789065,223.8401031494141,,,0
2024-10-03 18:30:00+00:00,223.8350067138672,223.6999969482422,,,0
2024-10-03 19:30:00+00:00,223.7100067138672,225.6699981689453,,,0
2024-10-04 13:30:00+00:00,227.88999938964844,224.510498046875,,,0
2024-10-04 14:30:00+00:00,224.4900054931641,224.55999755859372,,,0
2024-10-04 15:30:00+00:00,224.52999877929688,224.9499969482422,,,0
2024-10-04 16:30:00+00:00,224.9571075439453,225.10009765625,,,0
2024-10-04 17:30:00+00:00,225.1199951171875,225.08999633789065,,,0
2024-10-04 18:30:00+00:00,225.08999633789065,226.0901031494141,,,0
2024-10-04 19:30:00+00:00,226.09500122070312,226.77999877929688,,,0
2024-10-07 13:30:00+00:00,224.4600067138672,225.32000732421875,,,0
2024-10-07 14:30:00+00:00,225.31500244140625,225.0601043701172,,,0
2024-10-07 15:30:00+00:00,225.0800018310547,224.25999450683597,,,0
2024-10-07 16:30:00+00:00,224.25,223.80999755859372,,,0
2024-10-07 17:30:00+00:00,223.7801055908203,223.74989318847656,,,0
2024-10-07 18:30:00+00:00,223.72999572753903,222.56500244140625,,,0
2024-10-07 19:30:00+00:00,222.56399536132807,221.72000122070312,,,0
2024-10-08 13:30:00+00:00,224.30999755859372,224.8999938964844,,,0
2024-10-08 14:30:00+00:00,224.8975982666016,225.3300018310547,,,0
2024-10-08 15:30:00+00:00,225.33929443359372,224.82000732421875,,,0
2024-10-08 16:30:00+00:00,224.8300018310547,224.7400054931641,,,0
2024-10-08 17:30:00+00:00,224.7400054931641,224.92970275878903,,,0
2024-10-08 18:30:00+00:00,224.9199981689453,225.2700042724609,,,0
2024-10-08 19:30:00+00:00,225.2700042724609,225.77999877929688,,,0
2024-10-09 13:30:00+00:00,225.5,227.1000061035156,,,0
2024-10-09 14:30:00+00:00,227.1000061035156,228.19000244140625,,,0
2024-10-09 15:30:00+00:00,228.2100067138672,228.7100067138672,,,0
2024-10-09 16:30:00+00:00,228.72000122070312,228.8600006103516,,,0
2024-10-09 17:30:00+00:00,228.83999633789065,229.6300048828125,,,0
2024-10-09 18:30:00+00:00,229.6199951171875,229.0742034912109,,,0
2024-10-09 19:30:00+00:00,229.07000732421875,229.50999450683597,,,0
2024-10-10 13:30:00+00:00,227.77999877929688,228.2554931640625,,,0
2024-10-10 14:30:00+00:00,228.2364044189453,228.2899932861328,,,0
2024-10-10 15:30:00+00:00,228.2899932861328,228.7100067138672,,,0
2024-10-10 16:30:00+00:00,228.7250061035156,228.5,,,0
2024-10-10 17:30:00+00:00,228.4900054931641,228.32000732421875,,,0
2024-10-10 18:30:00+00:00,228.32000732421875,228.85499572753903,,,0
2024-10-10 19:30:00+00:00,228.85499572753903,229.02999877929688,,,0
2024-10-11 13:30:00+00:00,228.2949981689453,228.75999450683597,,,0
2024-10-11 14:30:00+00:00,228.7400054931641,227.9750061035156,,,0
2024-10-11 15:30:00+00:00,227.9700927734375,227.83009338378903,,,0
2024-10-11 16:30:00+00:00,227.8300018310547,227.83999633789065,,,0
2024-10-11 17:30:00+00:00,227.8249969482422,228.19500732421875,,,0
2024-10-11 18:30:00+00:00,228.19500732421875,228.69000244140625,,,0
2024-10-11 19:30:00+00:00,228.68870544433597,227.5200042724609,,,0
2024-10-14 13:30:00+00:00,228.6999969482422,230.68499755859372,,,0
2024-10-14 14:30:00+00:00,230.68499755859372,229.69000244140625,,,0
2024-10-14 15:30:00+00:00,229.67999267578125,230.2494964599609,,,0
2024-10-14 16:30:00+00:00,230.25999450683597,230.42999267578125,,,0
2024-10-14 17:30:00+00:00,230.41000366210935,230.4600067138672,,,0
2024-10-14 18:30:00+00:00,230.48350524902344,231.22259521484372,,,0
2024-10-14 19:30:00+00:00,231.22000122070312,231.3000030517578,,,0
2024-10-15 13:30:00+00:00,233.58999633789065,235.82000732421875,,,0
2024-10-15 14:30:00+00:00,235.82000732421875,235.431396484375,,,0
2024-10-15 15:30:00+00:00,235.42999267578125,234.75999450683597,,,0
2024-10-15 16:30:00+00:00,234.75,234.0200042724609,,,0
2024-10-15 17:30:00+00:00,233.9640045166016,233.94000244140625,,,0
2024-10-15 18:30:00+00:00,233.94000244140625,233.2400054931641,,,0
2024-10-15 19:30:00+00:00,233.25,233.8000030517578,,,0
2024-10-16 13:30:00+00:00,231.6199951171875,230.72970581054688,,,0
2024-10-16 14:30:00+00:00,230.7100067138672,230.5850067138672,,,0
2024-10-16 15:30:00+00:00,230.5800018310547,230.33999633789065,,,0
2024-10-16 16:30:00+00:00,230.34500122070312,230.90989685058597,,,0
2024-10-16 17:30:00+00:00,230.90989685058597,231.1100006103516,,,0
2024-10-16 18:30:00+00:00,231.1000061035156,231.6150054931641,,,0
2024-10-16 19:30:00+00:00,231.6199951171875,231.75,,,0
2024-10-17 13:30:00+00:00,233.44000244140625,232.4001007080078,,,0
2024-10-17 14:30:00+00:00,232.42999267578125,232.25999450683597,,,0
2024-10-17 15:30:00+00:00,232.25999450683597,232.25,,,0
2024-10-17 16:30:00+00:00,232.2400054931641,232.3874053955078,,,0
2024-10-17 17:30:00+00:00,232.3999938964844,231.5865020751953,,,0
2024-10-17 18:30:00+00:00,231.5800018310547,231.7550048828125,,,0
2024-10-17 19:30:00+00:00,231.7550048828125,232.25999450683597,,,0
2024-10-18 13:30:00+00:00,235.8800048828125,234.7700042724609,,,0
2024-10-18 14:30:00+00:00,234.75999450683597,235.0399932861328,,,0
2024-10-18 15:30:00+00:00,235.0399932861328,234.9900054931641,,,0
2024-10-18 16:30:00+00:00,234.9900054931641,235.2400054931641,,,0
2024-10-18 17:30:00+00:00,235.2400054931641,235.52999877929688,,,0
2024-10-18 18:30:00+00:00,235.5249938964844,235.3000030517578,,,0
2024-10-18 19:30:00+00:00,235.2899932861328,234.97999572753903,,,0
2024-10-21 13:30:00+00:00,234.4499969482422,235.6699981689453,,,0
2024-10-21 14:30:00+00:00,235.6699981689453,235.4199981689453,,,0
2024-10-21 15:30:00+00:00,235.3999938964844,236.27999877929688,,,0
2024-10-21 16:30:00+00:00,236.3000030517578,236.3701019287109,,,0
2024-10-21 17:30:00+00:00,236.3800048828125,236.2250061035156,,,0
2024-10-21 18:30:00+00:00,236.22999572753903,236.13499450683597,,,0
2024-10-21 19:30:00+00:00,236.13499450683597,236.5800018310547,,,0
2024-10-22 13:30:00+00:00,233.8300018310547,233.91000366210935,,,0
2024-10-22 14:30:00+00:00,233.90499877929688,234.3995056152344,,,0
2024-10-22 15:30:00+00:00,234.40069580078125,234.1699981689453,,,0
2024-10-22 16:30:00+00:00,234.19000244140625,234.8500061035156,,,0
2024-10-22 17:30:00+00:00,234.8500061035156,235.31320190429688,,,0
2024-10-22 18:30:00+00:00,235.3300018310547,235.6999969482422,,,0
2024-10-22 19:30:00+00:00,235.6999969482422,235.8600006103516,,,0
2024-10-23 13:30:00+00:00,234.32000732421875,234.72000122070312,,,0
2024-10-23 14:30:00+00:00,234.72000122070312,233.5,,,0
2024-10-23 15:30:00+00:00,233.4900054931641,229.69000244140625,,,0
2024-10-23 16:30:00+00:00,229.6699981689453,230.05499267578125,,,0
2024-10-23 17:30:00+00:00,230.0200042724609,228.6199951171875,,,0
2024-10-23 18:30:00+00:00,228.6000061035156,229.6750030517578,,,0
2024-10-23 19:30:00+00:00,229.6999969482422,230.75,,,0
2024-10-24 13:30:00+00:00,229.91700744628903,229.80999755859372,,,0
2024-10-24 14:30:00+00:00,229.8500061035156,229.82000732421875,,,0
2024-10-24 15:30:00+00:00,229.82000732421875,229.51939392089844,,,0
2024-10-24 16:30:00+00:00,229.5200042724609,230.2700042724609,,,0
2024-10-24 17:30:00+00:00,230.27999877929688,230.4600067138672,,,0
2024-10-24 18:30:00+00:00,230.42999267578125,230.52999877929688,,,0
2024-10-24 19:30:00+00:00,230.5399932861328,230.57000732421875,,,0
2024-10-25 13:30:00+00:00,229.7400054931641,232.1300048828125,,,0
2024-10-25 14:30:00+00:00,232.1199951171875,232.22999572753903,,,0
2024-10-25 15:30:00+00:00,232.22999572753903,232.7100067138672,,,0
2024-10-25 16:30:00+00:00,232.7350006103516,231.8574981689453,,,0
2024-10-25 17:30:00+00:00,231.8300018310547,231.83999633789065,,,0
2024-10-25 18:30:00+00:00,231.84689331054688,231.6199951171875,,,0
2024-10-25 19:30:00+00:00,231.6499938964844,231.3999938964844,,,0
2024-10-28 13:30:00+00:00,233.31500244140625,233.6345977783203,,,0
2024-10-28 14:30:00+00:00,233.6199951171875,233.5500030517578,,,0
2024-10-28 15:30:00+00:00,233.5500030517578,234.3101043701172,,,0
2024-10-28 16:30:00+00:00,234.30999755859372,234.42999267578125,,,0
2024-10-28 17:30:00+00:00,234.4250030517578,233.9149932861328,,,0
2024-10-28 18:30:00+00:00,233.91000366210935,233.97000122070312,,,0
2024-10-28 19:30:00+00:00,233.9600067138672,233.4900054931641,,,0
2024-10-29 13:30:00+00:00,233.19500732421875,233.05999755859372,,,0
2024-10-29 14:30:00+00:00,233.0500030517578,233.2700042724609,,,0
2024-10-29 15:30:00+00:00,233.25999450683597,233.1000061035156,,,0
2024-10-29 16:30:00+00:00,233.10499572753903,233.88999938964844,,,0
2024-10-29 17:30:00+00:00,233.9199981689453,233.97000122070312,,,0
2024-10-29 18:30:00+00:00,233.9850006103516,234.1999969482422,,,0
2024-10-29 19:30:00+00:00,234.2050018310547,233.75,,,0
2024-10-30 13:30:00+00:00,232.6199951171875,231.8600006103516,,,0
2024-10-30 14:30:00+00:00,231.8668975830078,231.55499267578125,,,0
2024-10-30 15:30:00+00:00,231.55999755859372,231.1999053955078,,,0
2024-10-30 16:30:00+00:00,231.1999969482422,230.24110412597656,,,0
2024-10-30 17:30:00+00:00,230.2449951171875,230.6499938964844,,,0
2024-10-30 18:30:00+00:00,230.6201019287109,230.72999572753903,,,0
2024-10-30 19:30:00+00:00,230.72999572753903,230.13999938964844,,,0
2024-10-31 13:30:00+00:00,229.22999572753903,228.44500732421875,,,0
2024-10-31 14:30:00+00:00,228.4499969482422,227.31500244140625,,,0
2024-10-31 15:30:00+00:00,227.30999755859372,227.25,,,0
2024-10-31 16:30:00+00:00,227.27999877929688,227.860107421875,,,0
2024-10-31 17:30:00+00:00,227.8600006103516,227.08999633789065,,,0
2024-10-31 18:30:00+00:00,227.09500122070312,227.3300018310547,,,0
2024-10-31 19:30:00+00:00,227.3300018310547,225.38999938964844,,,0
